doctor_id,hospital_id,specialty
1,73,Cardiology
2,286,Oncology
3,7,Internal
4,119,Neurology
5,477,Internal
6,475,Neurology
7,414,Cardiology
8,223,Neurology
9,186,Neurology
10,314,Neurology
11,56,Neurology
12,299,Internal
13,52,Neurology
14,462,Internal
15,105,Internal
16,412,Oncology
17,39,Oncology
18,397,Cardiology
19,474,Cardiology
20,161,Internal
21,89,Oncology
22,175,Neurology
23,267,Neurology
24,188,Cardiology
25,72,Oncology
26,186,Internal
27,393,Internal
28,442,Cardiology
29,465,Oncology
30,243,Cardiology
31,221,Oncology
32,333,Neurology
33,270,Oncology
34,114,Cardiology
35,468,Cardiology
36,494,Oncology
37,285,Neurology
38,481,Internal
39,144,Internal
40,302,Neurology
41,407,Oncology
42,461,Internal
43,296,Cardiology
44,418,Oncology
45,278,Oncology
46,47,Cardiology
47,355,Internal
48,485,Internal
49,259,Neurology
50,151,Internal
51,15,Cardiology
52,103,Neurology
53,215,Oncology
54,496,Oncology
55,200,Oncology
56,52,Cardiology
57,445,Neurology
58,321,Cardiology
59,374,Oncology
60,467,Neurology
61,484,Cardiology
62,496,Oncology
63,383,Oncology
64,437,Cardiology
65,258,Internal
66,451,Neurology
67,486,Cardiology
68,240,Oncology
69,141,Cardiology
70,479,Oncology
71,402,Cardiology
72,98,Oncology
73,101,Oncology
74,128,Cardiology
75,394,Neurology
76,106,Internal
77,182,Oncology
78,348,Neurology
79,146,Cardiology
80,18,Internal
81,433,Cardiology
82,113,Internal
83,451,Internal
84,227,Neurology
85,211,Cardiology
86,183,Internal
87,16,Cardiology
88,2,Oncology
89,300,Neurology
90,116,Neurology
91,167,Cardiology
92,27,Oncology
93,340,Neurology
94,117,Neurology
95,15,Cardiology
96,257,Internal
97,146,Internal
98,181,Internal
99,354,Oncology
100,413,Neurology
101,385,Cardiology
102,190,Oncology
103,63,Cardiology
104,200,Cardiology
105,93,Cardiology
106,158,Neurology
107,487,Internal
108,79,Oncology
109,57,Oncology
110,101,Neurology
111,188,Cardiology
112,464,Oncology
113,242,Oncology
114,255,Cardiology
115,75,Neurology
116,457,Oncology
117,411,Cardiology
118,300,Neurology
119,108,Neurology
120,173,Neurology
121,285,Neurology
122,495,Oncology
123,300,Internal
124,34,Cardiology
125,49,Cardiology
126,463,Oncology
127,355,Oncology
128,210,Internal
129,483,Internal
130,396,Internal
131,228,Cardiology
132,402,Oncology
133,9,Internal
134,154,Oncology
135,379,Oncology
136,40,Internal
137,46,Oncology
138,395,Internal
139,348,Neurology
140,368,Oncology
141,481,Oncology
142,133,Cardiology
143,12,Cardiology
144,424,Oncology
145,256,Neurology
146,277,Neurology
147,406,Neurology
148,382,Internal
149,348,Cardiology
150,238,Oncology
151,202,Cardiology
152,47,Oncology
153,464,Cardiology
154,43,Neurology
155,427,Cardiology
156,337,Neurology
157,175,Internal
158,500,Neurology
159,224,Neurology
160,388,Neurology
161,204,Internal
162,231,Neurology
163,459,Cardiology
164,438,Oncology
165,221,Oncology
166,243,Cardiology
167,27,Cardiology
168,284,Neurology
169,485,Oncology
170,168,Internal
171,173,Oncology
172,340,Cardiology
173,236,Cardiology
174,285,Cardiology
175,155,Oncology
176,471,Oncology
177,189,Oncology
178,198,Neurology
179,496,Neurology
180,247,Oncology
181,369,Internal
182,87,Cardiology
183,141,Oncology
184,386,Internal
185,137,Internal
186,492,Oncology
187,44,Oncology
188,490,Neurology
189,341,Internal
190,239,Internal
191,81,Internal
192,265,Internal
193,193,Cardiology
194,150,Cardiology
195,292,Cardiology
196,486,Internal
197,350,Oncology
198,58,Cardiology
199,486,Internal
200,389,Internal
201,388,Internal
202,281,Cardiology
203,33,Neurology
204,323,Cardiology
205,308,Internal
206,317,Oncology
207,189,Cardiology
208,219,Neurology
209,278,Neurology
210,261,Neurology
211,409,Cardiology
212,349,Internal
213,251,Cardiology
214,476,Cardiology
215,90,Internal
216,205,Neurology
217,141,Oncology
218,223,Cardiology
219,88,Internal
220,88,Cardiology
221,316,Neurology
222,337,Cardiology
223,244,Cardiology
224,460,Neurology
225,236,Neurology
226,267,Cardiology
227,111,Internal
228,120,Cardiology
229,260,Neurology
230,232,Oncology
231,145,Internal
232,238,Cardiology
233,131,Neurology
234,119,Internal
235,175,Neurology
236,279,Neurology
237,311,Internal
238,309,Oncology
239,279,Neurology
240,128,Internal
241,251,Internal
242,227,Oncology
243,438,Oncology
244,326,Cardiology
245,222,Neurology
246,454,Neurology
247,351,Cardiology
248,45,Internal
249,12,Neurology
250,449,Internal
251,256,Cardiology
252,67,Oncology
253,67,Cardiology
254,247,Neurology
255,197,Neurology
256,441,Oncology
257,267,Neurology
258,461,Internal
259,97,Cardiology
260,396,Neurology
261,35,Neurology
262,47,Internal
263,78,Internal
264,158,Neurology
265,192,Internal
266,97,Internal
267,29,Oncology
268,261,Oncology
269,45,Internal
270,196,Internal
271,155,Oncology
272,460,Internal
273,58,Cardiology
274,120,Cardiology
275,472,Neurology
276,424,Internal
277,418,Cardiology
278,179,Neurology
279,204,Oncology
280,436,Cardiology
281,80,Oncology
282,129,Neurology
283,77,Internal
284,210,Oncology
285,70,Oncology
286,193,Cardiology
287,196,Oncology
288,381,Internal
289,141,Oncology
290,311,Internal
291,289,Neurology
292,472,Internal
293,168,Neurology
294,80,Neurology
295,50,Cardiology
296,500,Neurology
297,157,Cardiology
298,45,Internal
299,78,Oncology
300,268,Oncology
301,265,Internal
302,104,Internal
303,265,Oncology
304,241,Cardiology
305,75,Internal
306,382,Oncology
307,37,Cardiology
308,240,Internal
309,323,Neurology
310,429,Internal
311,120,Cardiology
312,353,Cardiology
313,278,Internal
314,256,Internal
315,370,Internal
316,472,Neurology
317,282,Cardiology
318,405,Oncology
319,378,Oncology
320,476,Neurology
321,375,Oncology
322,271,Internal
323,265,Cardiology
324,468,Internal
325,25,Internal
326,72,Internal
327,196,Neurology
328,470,Oncology
329,478,Neurology
330,255,Oncology
331,356,Neurology
332,3,Cardiology
333,94,Neurology
334,406,Oncology
335,346,Internal
336,447,Internal
337,426,Oncology
338,280,Internal
339,481,Oncology
340,223,Neurology
341,308,Oncology
342,440,Neurology
343,388,Neurology
344,26,Neurology
345,485,Internal
346,425,Internal
347,355,Neurology
348,354,Oncology
349,83,Neurology
350,302,Cardiology
351,20,Internal
352,294,Oncology
353,282,Neurology
354,138,Neurology
355,94,Oncology
356,99,Oncology
357,314,Neurology
358,292,Neurology
359,136,Neurology
360,177,Internal
361,248,Neurology
362,129,Neurology
363,307,Internal
364,288,Oncology
365,223,Internal
366,272,Cardiology
367,341,Cardiology
368,163,Internal
369,170,Neurology
370,321,Cardiology
371,259,Cardiology
372,24,Cardiology
373,472,Oncology
374,456,Cardiology
375,281,Neurology
376,70,Cardiology
377,494,Oncology
378,441,Neurology
379,295,Internal
380,228,Cardiology
381,353,Cardiology
382,385,Neurology
383,271,Neurology
384,321,Internal
385,326,Cardiology
386,271,Oncology
387,298,Neurology
388,435,Cardiology
389,110,Internal
390,85,Internal
391,120,Oncology
392,494,Neurology
393,415,Internal
394,409,Internal
395,383,Oncology
396,466,Neurology
397,278,Cardiology
398,485,Internal
399,4,Cardiology
400,98,Internal
401,349,Neurology
402,487,Neurology
403,129,Neurology
404,287,Oncology
405,54,Neurology
406,299,Neurology
407,408,Cardiology
408,143,Neurology
409,297,Oncology
410,96,Neurology
411,187,Neurology
412,87,Oncology
413,163,Oncology
414,16,Neurology
415,48,Oncology
416,183,Oncology
417,33,Neurology
418,410,Neurology
419,8,Internal
420,369,Internal
421,222,Oncology
422,17,Internal
423,53,Internal
424,406,Oncology
425,460,Internal
426,279,Oncology
427,54,Cardiology
428,148,Oncology
429,132,Oncology
430,249,Neurology
431,126,Internal
432,10,Neurology
433,159,Neurology
434,222,Oncology
435,382,Internal
436,145,Neurology
437,72,Neurology
438,307,Neurology
439,412,Internal
440,400,Oncology
441,148,Cardiology
442,267,Oncology
443,114,Internal
444,312,Neurology
445,473,Cardiology
446,490,Cardiology
447,32,Oncology
448,366,Neurology
449,374,Internal
450,99,Oncology
451,345,Cardiology
452,482,Internal
453,207,Oncology
454,125,Internal
455,296,Oncology
456,246,Oncology
457,142,Oncology
458,414,Cardiology
459,314,Neurology
460,260,Neurology
461,217,Cardiology
462,403,Oncology
463,238,Cardiology
464,311,Internal
465,159,Cardiology
466,396,Cardiology
467,113,Internal
468,178,Oncology
469,115,Cardiology
470,489,Neurology
471,196,Internal
472,231,Neurology
473,466,Oncology
474,261,Internal
475,293,Internal
476,230,Oncology
477,111,Oncology
478,55,Oncology
479,365,Neurology
480,59,Cardiology
481,217,Neurology
482,25,Cardiology
483,207,Neurology
484,384,Oncology
485,191,Internal
486,87,Internal
487,365,Cardiology
488,395,Neurology
489,484,Neurology
490,460,Oncology
491,361,Cardiology
492,112,Internal
493,403,Neurology
494,80,Cardiology
495,128,Oncology
496,433,Oncology
497,128,Neurology
498,490,Internal
499,246,Cardiology
500,420,Internal
501,146,Cardiology
502,174,Internal
503,347,Oncology
504,266,Oncology
505,139,Oncology
506,150,Oncology
507,121,Cardiology
508,272,Internal
509,97,Oncology
510,216,Neurology
511,299,Neurology
512,420,Internal
513,84,Internal
514,469,Oncology
515,467,Cardiology
516,169,Neurology
517,321,Internal
518,488,Neurology
519,394,Neurology
520,428,Internal
521,488,Internal
522,406,Oncology
523,407,Cardiology
524,485,Internal
525,346,Internal
526,118,Internal
527,136,Cardiology
528,270,Oncology
529,490,Oncology
530,487,Cardiology
531,351,Cardiology
532,285,Internal
533,11,Cardiology
534,6,Internal
535,83,Internal
536,398,Neurology
537,483,Neurology
538,463,Neurology
539,438,Oncology
540,263,Cardiology
541,22,Cardiology
542,397,Internal
543,480,Neurology
544,176,Internal
545,428,Cardiology
546,468,Cardiology
547,495,Neurology
548,3,Internal
549,417,Cardiology
550,197,Oncology
551,267,Neurology
552,230,Cardiology
553,318,Neurology
554,374,Oncology
555,390,Internal
556,107,Internal
557,104,Cardiology
558,37,Oncology
559,289,Cardiology
560,437,Cardiology
561,427,Oncology
562,139,Internal
563,260,Cardiology
564,327,Neurology
565,449,Internal
566,331,Internal
567,194,Cardiology
568,484,Neurology
569,202,Neurology
570,476,Oncology
571,50,Internal
572,14,Oncology
573,483,Internal
574,70,Cardiology
575,378,Internal
576,83,Internal
577,170,Oncology
578,379,Oncology
579,128,Cardiology
580,328,Internal
581,19,Neurology
582,137,Cardiology
583,186,Oncology
584,273,Cardiology
585,125,Oncology
586,331,Neurology
587,73,Oncology
588,156,Internal
589,35,Oncology
590,309,Internal
591,493,Oncology
592,86,Internal
593,275,Neurology
594,304,Internal
595,63,Neurology
596,377,Oncology
597,292,Internal
598,354,Oncology
599,379,Cardiology
600,40,Neurology
601,308,Cardiology
602,138,Internal
603,129,Oncology
604,477,Neurology
605,330,Internal
606,142,Neurology
607,102,Oncology
608,48,Cardiology
609,52,Oncology
610,136,Cardiology
611,235,Internal
612,327,Cardiology
613,149,Cardiology
614,493,Cardiology
615,104,Cardiology
616,405,Oncology
617,84,Neurology
618,324,Neurology
619,53,Internal
620,253,Neurology
621,266,Internal
622,12,Neurology
623,89,Internal
624,217,Neurology
625,330,Oncology
626,140,Cardiology
627,312,Neurology
628,128,Cardiology
629,52,Oncology
630,179,Internal
631,114,Oncology
632,464,Neurology
633,139,Cardiology
634,212,Neurology
635,381,Neurology
636,127,Internal
637,226,Oncology
638,314,Neurology
639,411,Neurology
640,395,Internal
641,405,Internal
642,58,Cardiology
643,367,Neurology
644,258,Cardiology
645,259,Internal
646,397,Internal
647,214,Neurology
648,116,Oncology
649,455,Cardiology
650,279,Cardiology
651,221,Oncology
652,12,Neurology
653,393,Cardiology
654,171,Internal
655,415,Neurology
656,233,Internal
657,405,Internal
658,261,Neurology
659,263,Cardiology
660,339,Neurology
661,382,Neurology
662,409,Internal
663,479,Internal
664,358,Cardiology
665,36,Cardiology
666,11,Oncology
667,105,Cardiology
668,141,Oncology
669,284,Cardiology
670,447,Cardiology
671,176,Neurology
672,392,Neurology
673,180,Oncology
674,467,Internal
675,294,Internal
676,190,Internal
677,444,Cardiology
678,424,Neurology
679,135,Neurology
680,288,Internal
681,299,Internal
682,261,Neurology
683,262,Internal
684,486,Cardiology
685,320,Cardiology
686,240,Neurology
687,430,Internal
688,282,Cardiology
689,460,Neurology
690,362,Neurology
691,148,Oncology
692,348,Internal
693,364,Oncology
694,120,Internal
695,254,Internal
696,140,Oncology
697,305,Oncology
698,22,Neurology
699,62,Cardiology
700,218,Cardiology
701,329,Oncology
702,297,Oncology
703,314,Oncology
704,185,Cardiology
705,74,Oncology
706,281,Oncology
707,228,Cardiology
708,41,Internal
709,202,Internal
710,241,Internal
711,221,Cardiology
712,307,Neurology
713,47,Neurology
714,352,Cardiology
715,163,Oncology
716,302,Internal
717,371,Cardiology
718,183,Oncology
719,413,Neurology
720,444,Oncology
721,193,Cardiology
722,416,Internal
723,219,Cardiology
724,497,Cardiology
725,362,Neurology
726,5,Internal
727,101,Internal
728,31,Internal
729,430,Oncology
730,333,Cardiology
731,437,Neurology
732,277,Internal
733,92,Neurology
734,151,Internal
735,123,Neurology
736,34,Cardiology
737,211,Cardiology
738,29,Oncology
739,147,Internal
740,385,Neurology
741,482,Neurology
742,229,Internal
743,400,Neurology
744,282,Internal
745,282,Oncology
746,147,Internal
747,454,Cardiology
748,108,Oncology
749,432,Cardiology
750,335,Oncology
751,437,Cardiology
752,55,Internal
753,238,Neurology
754,477,Cardiology
755,141,Internal
756,161,Cardiology
757,374,Neurology
758,427,Neurology
759,181,Cardiology
760,263,Internal
761,398,Oncology
762,424,Neurology
763,367,Cardiology
764,407,Neurology
765,129,Neurology
766,425,Internal
767,193,Cardiology
768,143,Cardiology
769,113,Cardiology
770,83,Cardiology
771,225,Neurology
772,350,Internal
773,500,Cardiology
774,153,Cardiology
775,330,Oncology
776,157,Oncology
777,107,Oncology
778,120,Cardiology
779,193,Internal
780,386,Cardiology
781,127,Internal
782,417,Neurology
783,342,Oncology
784,12,Oncology
785,343,Cardiology
786,467,Oncology
787,146,Internal
788,364,Neurology
789,382,Internal
790,109,Neurology
791,223,Internal
792,347,Internal
793,177,Neurology
794,286,Cardiology
795,407,Cardiology
796,459,Cardiology
797,423,Cardiology
798,347,Neurology
799,426,Internal
800,215,Internal
801,87,Cardiology
802,79,Internal
803,432,Oncology
804,398,Neurology
805,259,Cardiology
806,486,Cardiology
807,357,Cardiology
808,398,Neurology
809,179,Internal
810,357,Internal
811,389,Cardiology
812,449,Internal
813,111,Internal
814,357,Internal
815,204,Neurology
816,485,Neurology
817,485,Cardiology
818,235,Neurology
819,207,Cardiology
820,367,Cardiology
821,211,Oncology
822,291,Oncology
823,282,Cardiology
824,69,Neurology
825,250,Oncology
826,126,Cardiology
827,5,Internal
828,186,Cardiology
829,135,Internal
830,121,Oncology
831,283,Neurology
832,44,Neurology
833,145,Internal
834,1,Oncology
835,432,Oncology
836,196,Cardiology
837,71,Oncology
838,81,Cardiology
839,287,Cardiology
840,492,Cardiology
841,108,Neurology
842,240,Oncology
843,431,Neurology
844,421,Cardiology
845,130,Oncology
846,245,Oncology
847,488,Internal
848,229,Neurology
849,32,Oncology
850,364,Internal
851,316,Internal
852,447,Oncology
853,438,Neurology
854,155,Internal
855,500,Internal
856,174,Oncology
857,133,Internal
858,399,Oncology
859,281,Cardiology
860,114,Cardiology
861,68,Cardiology
862,491,Neurology
863,356,Cardiology
864,384,Internal
865,143,Cardiology
866,194,Internal
867,8,Internal
868,69,Neurology
869,191,Neurology
870,367,Oncology
871,55,Cardiology
872,214,Neurology
873,408,Oncology
874,318,Cardiology
875,206,Oncology
876,59,Oncology
877,79,Neurology
878,29,Cardiology
879,402,Cardiology
880,121,Oncology
881,460,Neurology
882,192,Cardiology
883,149,Oncology
884,114,Cardiology
885,373,Internal
886,155,Cardiology
887,396,Neurology
888,408,Internal
889,8,Oncology
890,42,Cardiology
891,485,Neurology
892,269,Oncology
893,336,Oncology
894,194,Neurology
895,236,Neurology
896,166,Oncology
897,297,Cardiology
898,247,Neurology
899,439,Oncology
900,471,Neurology
901,242,Cardiology
902,374,Internal
903,469,Neurology
904,322,Neurology
905,136,Cardiology
906,479,Cardiology
907,343,Cardiology
908,182,Cardiology
909,494,Cardiology
910,372,Oncology
911,499,Cardiology
912,88,Cardiology
913,102,Neurology
914,32,Internal
915,56,Cardiology
916,270,Oncology
917,46,Neurology
918,380,Internal
919,333,Internal
920,330,Oncology
921,238,Internal
922,186,Internal
923,153,Oncology
924,458,Internal
925,216,Cardiology
926,177,Oncology
927,144,Cardiology
928,198,Neurology
929,113,Oncology
930,75,Oncology
931,145,Oncology
932,458,Oncology
933,64,Oncology
934,44,Cardiology
935,79,Oncology
936,352,Neurology
937,356,Neurology
938,139,Oncology
939,195,Neurology
940,180,Neurology
941,8,Neurology
942,120,Neurology
943,386,Internal
944,184,Oncology
945,27,Cardiology
946,180,Neurology
947,438,Cardiology
948,402,Internal
949,417,Internal
950,478,Internal
951,123,Neurology
952,48,Cardiology
953,102,Internal
954,90,Neurology
955,17,Oncology
956,415,Neurology
957,360,Neurology
958,380,Neurology
959,114,Cardiology
960,310,Cardiology
961,499,Neurology
962,147,Cardiology
963,216,Cardiology
964,112,Neurology
965,479,Internal
966,472,Cardiology
967,292,Oncology
968,125,Internal
969,106,Internal
970,139,Cardiology
971,337,Oncology
972,166,Cardiology
973,301,Internal
974,343,Internal
975,254,Internal
976,279,Internal
977,185,Oncology
978,370,Neurology
979,279,Neurology
980,307,Internal
981,475,Oncology
982,375,Neurology
983,279,Internal
984,436,Oncology
985,32,Cardiology
986,273,Internal
987,495,Oncology
988,126,Cardiology
989,314,Oncology
990,202,Cardiology
991,58,Internal
992,80,Oncology
993,10,Neurology
994,462,Neurology
995,124,Internal
996,219,Cardiology
997,272,Cardiology
998,418,Internal
999,362,Oncology
1000,471,Oncology
1001,444,Cardiology
1002,180,Internal
1003,106,Oncology
1004,64,Neurology
1005,69,Oncology
1006,391,Oncology
1007,20,Oncology
1008,297,Internal
1009,331,Oncology
1010,373,Neurology
1011,18,Internal
1012,192,Oncology
1013,439,Cardiology
1014,4,Cardiology
1015,429,Internal
1016,398,Cardiology
1017,306,Internal
1018,470,Oncology
1019,28,Cardiology
1020,437,Neurology
1021,38,Oncology
1022,381,Cardiology
1023,334,Neurology
1024,159,Internal
1025,216,Internal
1026,139,Cardiology
1027,117,Oncology
1028,162,Internal
1029,295,Oncology
1030,312,Oncology
1031,231,Cardiology
1032,370,Cardiology
1033,391,Oncology
1034,220,Internal
1035,43,Oncology
1036,233,Cardiology
1037,336,Oncology
1038,295,Oncology
1039,154,Oncology
1040,114,Neurology
1041,464,Internal
1042,485,Cardiology
1043,100,Internal
1044,139,Neurology
1045,59,Cardiology
1046,490,Cardiology
1047,120,Neurology
1048,53,Internal
1049,61,Cardiology
1050,286,Oncology
1051,125,Oncology
1052,427,Oncology
1053,425,Cardiology
1054,55,Oncology
1055,427,Cardiology
1056,301,Internal
1057,67,Neurology
1058,61,Oncology
1059,58,Neurology
1060,104,Internal
1061,142,Neurology
1062,66,Neurology
1063,341,Internal
1064,184,Internal
1065,223,Cardiology
1066,130,Oncology
1067,307,Internal
1068,463,Neurology
1069,425,Oncology
1070,490,Oncology
1071,239,Neurology
1072,139,Oncology
1073,30,Oncology
1074,392,Neurology
1075,165,Internal
1076,390,Oncology
1077,385,Internal
1078,168,Cardiology
1079,446,Oncology
1080,114,Neurology
1081,478,Oncology
1082,386,Cardiology
1083,247,Neurology
1084,156,Cardiology
1085,189,Oncology
1086,4,Internal
1087,375,Cardiology
1088,166,Neurology
1089,275,Internal
1090,337,Oncology
1091,434,Neurology
1092,146,Oncology
1093,376,Oncology
1094,153,Oncology
1095,30,Internal
1096,86,Neurology
1097,40,Internal
1098,117,Cardiology
1099,495,Neurology
1100,361,Oncology
1101,291,Internal
1102,358,Oncology
1103,306,Internal
1104,434,Neurology
1105,304,Internal
1106,244,Internal
1107,27,Internal
1108,241,Neurology
1109,181,Internal
1110,238,Cardiology
1111,500,Internal
1112,154,Cardiology
1113,441,Internal
1114,482,Internal
1115,226,Neurology
1116,41,Oncology
1117,100,Neurology
1118,365,Internal
1119,422,Internal
1120,239,Internal
1121,33,Internal
1122,463,Oncology
1123,398,Internal
1124,23,Cardiology
1125,367,Oncology
1126,343,Internal
1127,72,Neurology
1128,220,Cardiology
1129,476,Oncology
1130,5,Oncology
1131,277,Cardiology
1132,212,Cardiology
1133,277,Internal
1134,229,Neurology
1135,7,Oncology
1136,366,Oncology
1137,498,Internal
1138,328,Oncology
1139,484,Cardiology
1140,359,Internal
1141,403,Oncology
1142,370,Cardiology
1143,47,Internal
1144,278,Internal
1145,33,Neurology
1146,348,Oncology
1147,135,Neurology
1148,265,Internal
1149,454,Neurology
1150,264,Oncology
1151,90,Internal
1152,449,Oncology
1153,410,Oncology
1154,13,Cardiology
1155,247,Cardiology
1156,461,Internal
1157,266,Oncology
1158,450,Cardiology
1159,166,Cardiology
1160,361,Oncology
1161,319,Cardiology
1162,419,Neurology
1163,349,Internal
1164,20,Cardiology
1165,269,Oncology
1166,278,Cardiology
1167,397,Cardiology
1168,195,Cardiology
1169,375,Neurology
1170,306,Cardiology
1171,285,Neurology
1172,158,Neurology
1173,179,Cardiology
1174,356,Oncology
1175,8,Neurology
1176,265,Cardiology
1177,452,Cardiology
1178,43,Neurology
1179,471,Internal
1180,373,Oncology
1181,354,Internal
1182,168,Cardiology
1183,322,Oncology
1184,380,Neurology
1185,305,Oncology
1186,334,Oncology
1187,107,Oncology
1188,471,Neurology
1189,162,Internal
1190,370,Neurology
1191,404,Oncology
1192,103,Oncology
1193,270,Internal
1194,134,Neurology
1195,33,Oncology
1196,455,Neurology
1197,336,Internal
1198,124,Oncology
1199,223,Cardiology
1200,279,Neurology
1201,80,Internal
1202,342,Neurology
1203,234,Cardiology
1204,52,Internal
1205,258,Neurology
1206,85,Neurology
1207,308,Neurology
1208,309,Neurology
1209,454,Cardiology
1210,275,Cardiology
1211,203,Cardiology
1212,16,Internal
1213,270,Internal
1214,357,Internal
1215,453,Cardiology
1216,31,Cardiology
1217,164,Neurology
1218,374,Cardiology
1219,49,Internal
1220,93,Neurology
1221,278,Cardiology
1222,264,Neurology
1223,79,Cardiology
1224,318,Neurology
1225,284,Cardiology
1226,133,Neurology
1227,164,Internal
1228,189,Neurology
1229,212,Cardiology
1230,276,Cardiology
1231,99,Cardiology
1232,407,Neurology
1233,114,Cardiology
1234,313,Neurology
1235,358,Neurology
1236,157,Oncology
1237,45,Cardiology
1238,189,Cardiology
1239,322,Neurology
1240,296,Cardiology
1241,26,Oncology
1242,265,Oncology
1243,206,Cardiology
1244,485,Neurology
1245,351,Oncology
1246,275,Oncology
1247,100,Cardiology
1248,151,Internal
1249,205,Neurology
1250,482,Internal
1251,47,Cardiology
1252,497,Cardiology
1253,365,Oncology
1254,135,Cardiology
1255,298,Cardiology
1256,328,Oncology
1257,2,Internal
1258,2,Oncology
1259,260,Oncology
1260,480,Cardiology
1261,165,Internal
1262,447,Internal
1263,30,Internal
1264,139,Oncology
1265,333,Oncology
1266,16,Cardiology
1267,396,Neurology
1268,88,Neurology
1269,121,Neurology
1270,449,Internal
1271,19,Neurology
1272,276,Neurology
1273,122,Internal
1274,241,Cardiology
1275,427,Neurology
1276,377,Cardiology
1277,349,Neurology
1278,269,Cardiology
1279,154,Internal
1280,394,Oncology
1281,238,Cardiology
1282,411,Oncology
1283,153,Neurology
1284,129,Oncology
1285,256,Internal
1286,266,Internal
1287,407,Internal
1288,231,Internal
1289,308,Cardiology
1290,339,Cardiology
1291,346,Cardiology
1292,206,Cardiology
1293,51,Oncology
1294,196,Cardiology
1295,42,Neurology
1296,446,Neurology
1297,455,Cardiology
1298,403,Neurology
1299,402,Neurology
1300,482,Internal
1301,327,Cardiology
1302,58,Oncology
1303,68,Neurology
1304,221,Oncology
1305,416,Cardiology
1306,409,Cardiology
1307,468,Neurology
1308,377,Cardiology
1309,292,Cardiology
1310,222,Cardiology
1311,327,Oncology
1312,204,Cardiology
1313,325,Neurology
1314,327,Cardiology
1315,368,Internal
1316,365,Oncology
1317,152,Oncology
1318,396,Oncology
1319,316,Cardiology
1320,82,Oncology
1321,275,Neurology
1322,223,Internal
1323,49,Oncology
1324,315,Cardiology
1325,187,Neurology
1326,388,Cardiology
1327,164,Neurology
1328,33,Neurology
1329,432,Oncology
1330,329,Internal
1331,465,Neurology
1332,55,Neurology
1333,325,Cardiology
1334,193,Internal
1335,36,Neurology
1336,115,Internal
1337,396,Neurology
1338,46,Oncology
1339,65,Internal
1340,82,Cardiology
1341,133,Oncology
1342,299,Internal
1343,234,Oncology
1344,255,Oncology
1345,22,Cardiology
1346,445,Internal
1347,167,Oncology
1348,115,Oncology
1349,347,Neurology
1350,39,Internal
1351,377,Neurology
1352,205,Neurology
1353,57,Oncology
1354,382,Internal
1355,236,Oncology
1356,53,Neurology
1357,65,Internal
1358,5,Cardiology
1359,115,Cardiology
1360,368,Oncology
1361,19,Cardiology
1362,40,Cardiology
1363,322,Oncology
1364,185,Oncology
1365,100,Oncology
1366,174,Oncology
1367,461,Oncology
1368,2,Internal
1369,134,Neurology
1370,493,Oncology
1371,445,Cardiology
1372,312,Cardiology
1373,487,Cardiology
1374,124,Internal
1375,85,Oncology
1376,190,Oncology
1377,106,Cardiology
1378,333,Oncology
1379,214,Internal
1380,394,Neurology
1381,39,Neurology
1382,203,Neurology
1383,152,Neurology
1384,280,Neurology
1385,211,Internal
1386,170,Internal
1387,418,Oncology
1388,10,Cardiology
1389,152,Neurology
1390,122,Cardiology
1391,150,Cardiology
1392,261,Oncology
1393,79,Neurology
1394,146,Neurology
1395,361,Oncology
1396,53,Neurology
1397,158,Cardiology
1398,449,Oncology
1399,220,Cardiology
1400,356,Cardiology
1401,106,Cardiology
1402,435,Oncology
1403,154,Oncology
1404,195,Internal
1405,482,Oncology
1406,361,Neurology
1407,176,Internal
1408,318,Oncology
1409,187,Cardiology
1410,174,Neurology
1411,177,Cardiology
1412,170,Neurology
1413,61,Cardiology
1414,294,Cardiology
1415,68,Neurology
1416,6,Internal
1417,498,Oncology
1418,46,Neurology
1419,44,Oncology
1420,326,Internal
1421,403,Internal
1422,388,Neurology
1423,459,Oncology
1424,34,Neurology
1425,449,Cardiology
1426,234,Internal
1427,195,Internal
1428,366,Internal
1429,158,Cardiology
1430,202,Internal
1431,332,Oncology
1432,62,Internal
1433,173,Cardiology
1434,324,Oncology
1435,216,Oncology
1436,468,Cardiology
1437,177,Neurology
1438,451,Cardiology
1439,282,Internal
1440,435,Oncology
1441,350,Cardiology
1442,482,Oncology
1443,270,Oncology
1444,405,Oncology
1445,296,Neurology
1446,131,Oncology
1447,156,Cardiology
1448,423,Cardiology
1449,227,Oncology
1450,392,Internal
1451,261,Oncology
1452,359,Neurology
1453,460,Internal
1454,432,Oncology
1455,389,Oncology
1456,4,Oncology
1457,451,Internal
1458,259,Cardiology
1459,447,Oncology
1460,395,Neurology
1461,34,Internal
1462,155,Cardiology
1463,163,Cardiology
1464,90,Cardiology
1465,78,Cardiology
1466,70,Cardiology
1467,287,Oncology
1468,297,Cardiology
1469,229,Internal
1470,257,Oncology
1471,327,Cardiology
1472,190,Neurology
1473,333,Internal
1474,455,Neurology
1475,248,Cardiology
1476,367,Cardiology
1477,130,Internal
1478,269,Neurology
1479,224,Neurology
1480,390,Internal
1481,424,Cardiology
1482,194,Internal
1483,22,Internal
1484,240,Neurology
1485,194,Neurology
1486,437,Oncology
1487,192,Oncology
1488,418,Internal
1489,424,Neurology
1490,327,Neurology
1491,368,Oncology
1492,216,Neurology
1493,153,Internal
1494,383,Neurology
1495,273,Oncology
1496,373,Neurology
1497,258,Internal
1498,195,Oncology
1499,336,Internal
1500,171,Neurology
1501,198,Cardiology
1502,411,Cardiology
1503,368,Internal
1504,424,Oncology
1505,462,Neurology
1506,76,Cardiology
1507,446,Cardiology
1508,405,Neurology
1509,338,Cardiology
1510,241,Oncology
1511,497,Internal
1512,220,Neurology
1513,235,Oncology
1514,167,Cardiology
1515,300,Internal
1516,186,Internal
1517,428,Oncology
1518,398,Neurology
1519,55,Cardiology
1520,323,Neurology
1521,395,Cardiology
1522,196,Oncology
1523,11,Internal
1524,336,Cardiology
1525,453,Neurology
1526,237,Oncology
1527,189,Oncology
1528,238,Oncology
1529,315,Neurology
1530,474,Cardiology
1531,417,Oncology
1532,255,Neurology
1533,18,Oncology
1534,361,Internal
1535,486,Cardiology
1536,322,Oncology
1537,165,Oncology
1538,331,Internal
1539,146,Oncology
1540,308,Neurology
1541,356,Oncology
1542,147,Oncology
1543,22,Cardiology
1544,470,Neurology
1545,360,Oncology
1546,131,Neurology
1547,346,Internal
1548,342,Internal
1549,5,Cardiology
1550,278,Oncology
1551,48,Cardiology
1552,233,Cardiology
1553,332,Neurology
1554,112,Oncology
1555,396,Oncology
1556,358,Internal
1557,350,Oncology
1558,35,Oncology
1559,259,Cardiology
1560,432,Oncology
1561,430,Internal
1562,392,Oncology
1563,363,Neurology
1564,377,Oncology
1565,142,Internal
1566,19,Internal
1567,397,Internal
1568,490,Cardiology
1569,192,Cardiology
1570,52,Cardiology
1571,239,Internal
1572,176,Oncology
1573,152,Cardiology
1574,240,Cardiology
1575,499,Oncology
1576,457,Internal
1577,182,Internal
1578,371,Neurology
1579,148,Internal
1580,147,Internal
1581,410,Neurology
1582,357,Internal
1583,353,Neurology
1584,99,Cardiology
1585,49,Cardiology
1586,247,Internal
1587,358,Cardiology
1588,75,Cardiology
1589,492,Oncology
1590,64,Neurology
1591,189,Oncology
1592,465,Neurology
1593,400,Internal
1594,336,Neurology
1595,96,Neurology
1596,52,Oncology
1597,34,Cardiology
1598,197,Cardiology
1599,387,Neurology
1600,434,Neurology
1601,346,Neurology
1602,130,Internal
1603,66,Internal
1604,416,Cardiology
1605,458,Neurology
1606,31,Oncology
1607,422,Oncology
1608,137,Oncology
1609,212,Cardiology
1610,298,Neurology
1611,311,Oncology
1612,210,Internal
1613,324,Neurology
1614,383,Internal
1615,224,Internal
1616,408,Neurology
1617,221,Internal
1618,33,Internal
1619,1,Cardiology
1620,170,Cardiology
1621,122,Internal
1622,448,Cardiology
1623,98,Cardiology
1624,320,Oncology
1625,330,Internal
1626,166,Oncology
1627,143,Cardiology
1628,295,Internal
1629,155,Neurology
1630,98,Neurology
1631,148,Neurology
1632,483,Oncology
1633,405,Oncology
1634,397,Neurology
1635,46,Cardiology
1636,169,Cardiology
1637,337,Internal
1638,198,Oncology
1639,121,Cardiology
1640,385,Cardiology
1641,93,Cardiology
1642,309,Internal
1643,285,Cardiology
1644,273,Internal
1645,63,Neurology
1646,100,Oncology
1647,151,Cardiology
1648,282,Cardiology
1649,447,Cardiology
1650,470,Neurology
1651,135,Internal
1652,183,Cardiology
1653,112,Internal
1654,362,Cardiology
1655,102,Cardiology
1656,11,Oncology
1657,92,Internal
1658,395,Cardiology
1659,215,Oncology
1660,353,Neurology
1661,246,Oncology
1662,42,Oncology
1663,449,Oncology
1664,473,Internal
1665,421,Cardiology
1666,494,Oncology
1667,283,Oncology
1668,339,Oncology
1669,367,Internal
1670,353,Cardiology
1671,393,Internal
1672,250,Internal
1673,168,Internal
1674,5,Neurology
1675,478,Oncology
1676,265,Internal
1677,78,Neurology
1678,448,Neurology
1679,441,Cardiology
1680,312,Neurology
1681,262,Neurology
1682,483,Internal
1683,84,Cardiology
1684,470,Cardiology
1685,429,Internal
1686,136,Oncology
1687,110,Cardiology
1688,362,Internal
1689,343,Neurology
1690,349,Cardiology
1691,59,Cardiology
1692,500,Neurology
1693,453,Cardiology
1694,172,Neurology
1695,68,Internal
1696,47,Internal
1697,54,Oncology
1698,43,Oncology
1699,68,Cardiology
1700,255,Neurology
1701,246,Internal
1702,402,Internal
1703,383,Neurology
1704,275,Neurology
1705,332,Cardiology
1706,496,Cardiology
1707,192,Oncology
1708,416,Internal
1709,41,Neurology
1710,485,Neurology
1711,226,Cardiology
1712,50,Neurology
1713,17,Oncology
1714,49,Oncology
1715,10,Neurology
1716,467,Internal
1717,127,Cardiology
1718,176,Neurology
1719,179,Cardiology
1720,32,Oncology
1721,13,Cardiology
1722,142,Internal
1723,487,Oncology
1724,67,Neurology
1725,463,Internal
1726,404,Internal
1727,47,Neurology
1728,472,Oncology
1729,293,Oncology
1730,398,Internal
1731,240,Oncology
1732,59,Internal
1733,317,Oncology
1734,366,Neurology
1735,243,Neurology
1736,9,Cardiology
1737,112,Cardiology
1738,147,Oncology
1739,27,Internal
1740,55,Cardiology
1741,129,Cardiology
1742,434,Cardiology
1743,191,Oncology
1744,150,Neurology
1745,368,Cardiology
1746,457,Neurology
1747,90,Cardiology
1748,4,Neurology
1749,154,Internal
1750,238,Cardiology
1751,300,Oncology
1752,466,Internal
1753,367,Neurology
1754,131,Oncology
1755,126,Neurology
1756,278,Oncology
1757,293,Cardiology
1758,139,Cardiology
1759,421,Cardiology
1760,63,Neurology
1761,165,Neurology
1762,431,Oncology
1763,221,Internal
1764,84,Cardiology
1765,225,Oncology
1766,274,Internal
1767,196,Oncology
1768,274,Internal
1769,180,Neurology
1770,8,Oncology
1771,445,Cardiology
1772,437,Cardiology
1773,479,Cardiology
1774,44,Cardiology
1775,485,Neurology
1776,176,Cardiology
1777,105,Oncology
1778,122,Neurology
1779,285,Neurology
1780,56,Internal
1781,176,Internal
1782,234,Neurology
1783,341,Cardiology
1784,411,Internal
1785,52,Internal
1786,475,Internal
1787,250,Neurology
1788,7,Internal
1789,179,Internal
1790,493,Internal
1791,233,Cardiology
1792,342,Cardiology
1793,171,Cardiology
1794,201,Oncology
1795,240,Cardiology
1796,255,Neurology
1797,485,Cardiology
1798,218,Cardiology
1799,101,Internal
1800,124,Internal
1801,235,Oncology
1802,457,Internal
1803,255,Oncology
1804,40,Neurology
1805,448,Neurology
1806,238,Internal
1807,74,Internal
1808,431,Internal
1809,329,Oncology
1810,204,Internal
1811,205,Internal
1812,137,Neurology
1813,434,Internal
1814,203,Cardiology
1815,251,Internal
1816,471,Cardiology
1817,117,Neurology
1818,308,Cardiology
1819,174,Cardiology
1820,75,Neurology
1821,463,Neurology
1822,382,Neurology
1823,419,Cardiology
1824,10,Internal
1825,296,Oncology
1826,95,Neurology
1827,158,Oncology
1828,306,Internal
1829,111,Neurology
1830,42,Oncology
1831,420,Cardiology
1832,18,Cardiology
1833,215,Neurology
1834,313,Internal
1835,463,Cardiology
1836,494,Neurology
1837,74,Oncology
1838,62,Oncology
1839,495,Cardiology
1840,500,Internal
1841,123,Neurology
1842,252,Neurology
1843,244,Neurology
1844,409,Internal
1845,424,Oncology
1846,305,Internal
1847,389,Internal
1848,194,Internal
1849,293,Cardiology
1850,64,Internal
1851,89,Neurology
1852,318,Neurology
1853,34,Internal
1854,479,Oncology
1855,35,Oncology
1856,151,Neurology
1857,249,Neurology
1858,224,Oncology
1859,328,Internal
1860,237,Oncology
1861,233,Internal
1862,56,Oncology
1863,110,Oncology
1864,10,Internal
1865,349,Cardiology
1866,454,Cardiology
1867,241,Internal
1868,356,Cardiology
1869,473,Oncology
1870,494,Oncology
1871,21,Oncology
1872,458,Cardiology
1873,274,Internal
1874,458,Neurology
1875,376,Oncology
1876,87,Cardiology
1877,463,Cardiology
1878,270,Neurology
1879,283,Cardiology
1880,201,Internal
1881,412,Internal
1882,318,Oncology
1883,324,Neurology
1884,405,Cardiology
1885,295,Neurology
1886,496,Internal
1887,286,Oncology
1888,39,Internal
1889,99,Oncology
1890,363,Oncology
1891,447,Cardiology
1892,387,Internal
1893,175,Neurology
1894,398,Cardiology
1895,117,Oncology
1896,131,Oncology
1897,345,Neurology
1898,72,Neurology
1899,376,Neurology
1900,188,Oncology
1901,257,Cardiology
1902,208,Oncology
1903,404,Oncology
1904,401,Neurology
1905,175,Neurology
1906,498,Neurology
1907,225,Internal
1908,435,Internal
1909,184,Oncology
1910,125,Neurology
1911,442,Internal
1912,217,Neurology
1913,317,Neurology
1914,413,Oncology
1915,205,Oncology
1916,209,Oncology
1917,495,Cardiology
1918,61,Neurology
1919,25,Cardiology
1920,241,Internal
1921,479,Cardiology
1922,366,Neurology
1923,29,Internal
1924,396,Neurology
1925,35,Internal
1926,382,Cardiology
1927,11,Internal
1928,106,Neurology
1929,267,Oncology
1930,269,Oncology
1931,208,Oncology
1932,72,Cardiology
1933,425,Neurology
1934,52,Cardiology
1935,431,Internal
1936,427,Neurology
1937,241,Internal
1938,133,Neurology
1939,215,Internal
1940,360,Neurology
1941,362,Neurology
1942,375,Cardiology
1943,67,Internal
1944,108,Oncology
1945,272,Neurology
1946,22,Neurology
1947,266,Oncology
1948,168,Cardiology
1949,218,Oncology
1950,253,Neurology
1951,197,Oncology
1952,181,Neurology
1953,223,Neurology
1954,153,Neurology
1955,278,Neurology
1956,14,Oncology
1957,1,Cardiology
1958,288,Oncology
1959,169,Oncology
1960,237,Cardiology
1961,190,Oncology
1962,450,Neurology
1963,249,Oncology
1964,68,Oncology
1965,176,Cardiology
1966,252,Internal
1967,126,Internal
1968,264,Neurology
1969,469,Neurology
1970,254,Cardiology
1971,13,Cardiology
1972,36,Internal
1973,354,Internal
1974,86,Oncology
1975,323,Internal
1976,20,Oncology
1977,165,Neurology
1978,105,Oncology
1979,291,Neurology
1980,239,Internal
1981,274,Cardiology
1982,379,Oncology
1983,99,Internal
1984,176,Oncology
1985,305,Cardiology
1986,167,Internal
1987,66,Oncology
1988,226,Cardiology
1989,256,Internal
1990,301,Oncology
1991,429,Cardiology
1992,336,Internal
1993,377,Neurology
1994,184,Cardiology
1995,429,Cardiology
1996,122,Internal
1997,49,Neurology
1998,261,Neurology
1999,282,Oncology
2000,322,Internal
2001,295,Cardiology
2002,140,Oncology
2003,123,Oncology
2004,27,Oncology
2005,266,Cardiology
2006,420,Internal
2007,326,Internal
2008,448,Neurology
2009,187,Oncology
2010,352,Neurology
2011,227,Neurology
2012,394,Oncology
2013,80,Oncology
2014,500,Internal
2015,365,Oncology
2016,99,Internal
2017,470,Neurology
2018,100,Internal
2019,463,Oncology
2020,318,Internal
2021,243,Oncology
2022,494,Neurology
2023,151,Cardiology
2024,289,Neurology
2025,189,Cardiology
2026,469,Internal
2027,28,Neurology
2028,478,Cardiology
2029,384,Internal
2030,424,Cardiology
2031,221,Internal
2032,283,Oncology
2033,393,Internal
2034,354,Oncology
2035,264,Internal
2036,337,Oncology
2037,202,Internal
2038,247,Neurology
2039,163,Neurology
2040,72,Internal
2041,290,Neurology
2042,33,Oncology
2043,104,Cardiology
2044,7,Internal
2045,313,Neurology
2046,278,Internal
2047,190,Internal
2048,197,Internal
2049,481,Oncology
2050,52,Oncology
2051,403,Neurology
2052,372,Cardiology
2053,76,Oncology
2054,312,Cardiology
2055,448,Oncology
2056,232,Cardiology
2057,415,Neurology
2058,475,Neurology
2059,14,Oncology
2060,210,Cardiology
2061,418,Internal
2062,253,Neurology
2063,191,Oncology
2064,441,Cardiology
2065,496,Oncology
2066,461,Internal
2067,340,Cardiology
2068,292,Oncology
2069,275,Cardiology
2070,257,Internal
2071,367,Neurology
2072,88,Cardiology
2073,217,Oncology
2074,12,Oncology
2075,22,Oncology
2076,418,Cardiology
2077,465,Internal
2078,170,Neurology
2079,357,Internal
2080,454,Cardiology
2081,23,Oncology
2082,255,Internal
2083,199,Oncology
2084,135,Cardiology
2085,190,Cardiology
2086,43,Oncology
2087,282,Internal
2088,229,Cardiology
2089,109,Internal
2090,494,Cardiology
2091,470,Neurology
2092,364,Internal
2093,404,Neurology
2094,243,Internal
2095,356,Neurology
2096,41,Cardiology
2097,169,Internal
2098,238,Internal
2099,453,Neurology
2100,87,Cardiology
2101,278,Cardiology
2102,246,Cardiology
2103,9,Cardiology
2104,83,Neurology
2105,163,Oncology
2106,16,Oncology
2107,428,Internal
2108,475,Neurology
2109,420,Neurology
2110,367,Neurology
2111,356,Internal
2112,451,Cardiology
2113,218,Cardiology
2114,128,Internal
2115,157,Neurology
2116,261,Cardiology
2117,126,Oncology
2118,212,Cardiology
2119,104,Neurology
2120,150,Cardiology
2121,335,Oncology
2122,261,Cardiology
2123,240,Oncology
2124,490,Cardiology
2125,382,Cardiology
2126,192,Neurology
2127,111,Internal
2128,142,Cardiology
2129,49,Cardiology
2130,17,Cardiology
2131,93,Internal
2132,17,Cardiology
2133,393,Oncology
2134,250,Cardiology
2135,278,Internal
2136,306,Cardiology
2137,192,Neurology
2138,412,Oncology
2139,45,Internal
2140,168,Internal
2141,270,Cardiology
2142,331,Cardiology
2143,284,Cardiology
2144,3,Oncology
2145,121,Neurology
2146,24,Neurology
2147,81,Oncology
2148,415,Neurology
2149,167,Neurology
2150,91,Oncology
2151,15,Internal
2152,371,Internal
2153,319,Cardiology
2154,410,Oncology
2155,409,Internal
2156,486,Oncology
2157,141,Oncology
2158,99,Neurology
2159,108,Neurology
2160,417,Neurology
2161,392,Internal
2162,118,Internal
2163,349,Neurology
2164,93,Internal
2165,193,Cardiology
2166,311,Internal
2167,492,Cardiology
2168,74,Internal
2169,97,Oncology
2170,338,Internal
2171,202,Internal
2172,392,Internal
2173,93,Cardiology
2174,436,Oncology
2175,207,Neurology
2176,60,Neurology
2177,473,Internal
2178,54,Oncology
2179,215,Internal
2180,279,Internal
2181,308,Oncology
2182,335,Cardiology
2183,470,Internal
2184,372,Cardiology
2185,65,Internal
2186,68,Oncology
2187,412,Cardiology
2188,348,Oncology
2189,216,Cardiology
2190,281,Neurology
2191,476,Neurology
2192,121,Neurology
2193,432,Internal
2194,125,Cardiology
2195,248,Internal
2196,487,Oncology
2197,124,Neurology
2198,394,Internal
2199,48,Internal
2200,125,Cardiology
2201,103,Neurology
2202,68,Neurology
2203,58,Neurology
2204,378,Cardiology
2205,341,Internal
2206,152,Cardiology
2207,383,Cardiology
2208,4,Cardiology
2209,115,Oncology
2210,321,Neurology
2211,408,Internal
2212,256,Internal
2213,175,Neurology
2214,105,Neurology
2215,257,Cardiology
2216,460,Oncology
2217,478,Cardiology
2218,375,Oncology
2219,2,Oncology
2220,107,Neurology
2221,201,Internal
2222,498,Cardiology
2223,363,Neurology
2224,172,Cardiology
2225,254,Neurology
2226,127,Oncology
2227,351,Cardiology
2228,50,Neurology
2229,27,Cardiology
2230,327,Oncology
2231,256,Internal
2232,299,Oncology
2233,144,Neurology
2234,222,Oncology
2235,316,Cardiology
2236,223,Oncology
2237,410,Internal
2238,264,Neurology
2239,111,Oncology
2240,41,Neurology
2241,9,Neurology
2242,234,Oncology
2243,430,Neurology
2244,457,Internal
2245,394,Neurology
2246,419,Oncology
2247,160,Cardiology
2248,325,Internal
2249,255,Neurology
2250,463,Cardiology
2251,13,Neurology
2252,488,Cardiology
2253,185,Cardiology
2254,356,Oncology
2255,205,Internal
2256,57,Neurology
2257,438,Cardiology
2258,26,Oncology
2259,56,Internal
2260,396,Cardiology
2261,430,Internal
2262,290,Neurology
2263,87,Oncology
2264,291,Internal
2265,264,Internal
2266,274,Neurology
2267,57,Oncology
2268,22,Internal
2269,260,Neurology
2270,44,Oncology
2271,488,Oncology
2272,114,Internal
2273,421,Neurology
2274,306,Neurology
2275,229,Cardiology
2276,279,Neurology
2277,39,Cardiology
2278,4,Neurology
2279,191,Neurology
2280,199,Internal
2281,178,Cardiology
2282,74,Cardiology
2283,96,Oncology
2284,179,Neurology
2285,403,Neurology
2286,247,Cardiology
2287,189,Oncology
2288,226,Internal
2289,136,Neurology
2290,404,Cardiology
2291,383,Cardiology
2292,42,Neurology
2293,138,Oncology
2294,109,Neurology
2295,477,Oncology
2296,250,Neurology
2297,179,Neurology
2298,374,Cardiology
2299,176,Neurology
2300,440,Oncology
2301,137,Neurology
2302,244,Cardiology
2303,4,Cardiology
2304,460,Oncology
2305,343,Neurology
2306,297,Internal
2307,312,Oncology
2308,419,Oncology
2309,282,Oncology
2310,181,Oncology
2311,369,Neurology
2312,152,Cardiology
2313,404,Cardiology
2314,377,Oncology
2315,106,Oncology
2316,273,Neurology
2317,168,Oncology
2318,281,Neurology
2319,34,Oncology
2320,392,Neurology
2321,473,Oncology
2322,332,Cardiology
2323,283,Internal
2324,119,Cardiology
2325,413,Internal
2326,68,Oncology
2327,260,Neurology
2328,8,Internal
2329,410,Internal
2330,364,Cardiology
2331,296,Internal
2332,279,Neurology
2333,9,Neurology
2334,182,Neurology
2335,206,Cardiology
2336,60,Cardiology
2337,180,Cardiology
2338,97,Neurology
2339,271,Oncology
2340,322,Neurology
2341,238,Oncology
2342,76,Internal
2343,99,Neurology
2344,275,Cardiology
2345,106,Oncology
2346,217,Neurology
2347,363,Oncology
2348,342,Neurology
2349,158,Internal
2350,413,Internal
2351,363,Cardiology
2352,455,Internal
2353,242,Internal
2354,474,Internal
2355,333,Cardiology
2356,231,Neurology
2357,172,Internal
2358,351,Neurology
2359,335,Internal
2360,322,Cardiology
2361,191,Oncology
2362,261,Internal
2363,325,Oncology
2364,294,Neurology
2365,362,Oncology
2366,384,Oncology
2367,480,Neurology
2368,429,Cardiology
2369,80,Oncology
2370,114,Cardiology
2371,18,Neurology
2372,40,Oncology
2373,5,Cardiology
2374,108,Oncology
2375,99,Neurology
2376,398,Neurology
2377,321,Neurology
2378,282,Neurology
2379,100,Neurology
2380,322,Neurology
2381,495,Oncology
2382,378,Internal
2383,28,Neurology
2384,102,Oncology
2385,20,Oncology
2386,341,Neurology
2387,486,Neurology
2388,83,Cardiology
2389,472,Oncology
2390,277,Internal
2391,260,Cardiology
2392,64,Cardiology
2393,8,Neurology
2394,122,Internal
2395,262,Internal
2396,299,Neurology
2397,59,Oncology
2398,476,Neurology
2399,91,Oncology
2400,191,Oncology
2401,205,Internal
2402,320,Oncology
2403,433,Cardiology
2404,426,Cardiology
2405,440,Neurology
2406,149,Cardiology
2407,254,Oncology
2408,434,Internal
2409,332,Cardiology
2410,343,Oncology
2411,237,Internal
2412,113,Internal
2413,51,Internal
2414,235,Internal
2415,361,Cardiology
2416,402,Internal
2417,452,Cardiology
2418,236,Oncology
2419,459,Neurology
2420,353,Neurology
2421,402,Neurology
2422,133,Oncology
2423,85,Oncology
2424,127,Neurology
2425,87,Oncology
2426,396,Internal
2427,331,Internal
2428,222,Neurology
2429,105,Cardiology
2430,341,Cardiology
2431,237,Oncology
2432,494,Neurology
2433,162,Cardiology
2434,496,Neurology
2435,253,Neurology
2436,242,Neurology
2437,383,Cardiology
2438,282,Neurology
2439,17,Cardiology
2440,155,Cardiology
2441,55,Cardiology
2442,297,Internal
2443,317,Oncology
2444,418,Oncology
2445,403,Cardiology
2446,81,Internal
2447,236,Cardiology
2448,35,Neurology
2449,259,Internal
2450,213,Neurology
2451,274,Cardiology
2452,252,Oncology
2453,487,Neurology
2454,15,Cardiology
2455,343,Oncology
2456,181,Oncology
2457,398,Cardiology
2458,72,Internal
2459,496,Neurology
2460,488,Internal
2461,450,Internal
2462,309,Internal
2463,338,Neurology
2464,320,Cardiology
2465,308,Internal
2466,6,Cardiology
2467,115,Cardiology
2468,30,Oncology
2469,105,Cardiology
2470,170,Internal
2471,424,Neurology
2472,70,Neurology
2473,157,Oncology
2474,46,Oncology
2475,157,Cardiology
2476,154,Neurology
2477,314,Neurology
2478,474,Oncology
2479,478,Oncology
2480,467,Internal
2481,65,Internal
2482,287,Oncology
2483,196,Oncology
2484,242,Oncology
2485,243,Oncology
2486,185,Oncology
2487,311,Neurology
2488,494,Oncology
2489,207,Neurology
2490,111,Cardiology
2491,118,Cardiology
2492,166,Internal
2493,337,Neurology
2494,321,Internal
2495,118,Internal
2496,369,Cardiology
2497,69,Internal
2498,5,Oncology
2499,94,Oncology
2500,118,Cardiology
2501,457,Neurology
2502,80,Oncology
2503,352,Neurology
2504,46,Oncology
2505,392,Oncology
2506,376,Cardiology
2507,143,Oncology
2508,316,Cardiology
2509,243,Oncology
2510,336,Neurology
2511,392,Internal
2512,124,Internal
2513,246,Oncology
2514,498,Oncology
2515,138,Neurology
2516,475,Neurology
2517,294,Oncology
2518,216,Internal
2519,356,Cardiology
2520,82,Internal
2521,183,Oncology
2522,123,Oncology
2523,30,Cardiology
2524,268,Cardiology
2525,172,Cardiology
2526,367,Oncology
2527,383,Cardiology
2528,39,Neurology
2529,303,Oncology
2530,427,Cardiology
2531,70,Oncology
2532,114,Internal
2533,210,Internal
2534,428,Cardiology
2535,308,Oncology
2536,282,Neurology
2537,353,Neurology
2538,267,Neurology
2539,328,Oncology
2540,100,Neurology
2541,176,Oncology
2542,299,Cardiology
2543,326,Neurology
2544,244,Oncology
2545,311,Neurology
2546,296,Internal
2547,471,Neurology
2548,465,Cardiology
2549,138,Oncology
2550,101,Internal
2551,269,Cardiology
2552,387,Oncology
2553,40,Internal
2554,298,Internal
2555,198,Internal
2556,493,Oncology
2557,321,Internal
2558,145,Internal
2559,440,Internal
2560,442,Neurology
2561,184,Neurology
2562,104,Oncology
2563,50,Oncology
2564,336,Cardiology
2565,4,Neurology
2566,337,Cardiology
2567,8,Cardiology
2568,232,Oncology
2569,477,Cardiology
2570,204,Oncology
2571,170,Cardiology
2572,483,Oncology
2573,248,Cardiology
2574,365,Internal
2575,483,Oncology
2576,381,Oncology
2577,124,Neurology
2578,387,Oncology
2579,205,Oncology
2580,147,Oncology
2581,15,Internal
2582,85,Internal
2583,211,Oncology
2584,85,Cardiology
2585,95,Neurology
2586,304,Cardiology
2587,335,Cardiology
2588,226,Neurology
2589,312,Oncology
2590,166,Oncology
2591,67,Neurology
2592,82,Internal
2593,393,Oncology
2594,121,Cardiology
2595,216,Neurology
2596,153,Cardiology
2597,390,Oncology
2598,320,Cardiology
2599,43,Internal
2600,317,Cardiology
2601,355,Neurology
2602,356,Internal
2603,305,Oncology
2604,374,Internal
2605,21,Cardiology
2606,362,Oncology
2607,381,Oncology
2608,31,Oncology
2609,468,Cardiology
2610,320,Internal
2611,436,Internal
2612,450,Internal
2613,15,Internal
2614,496,Neurology
2615,335,Neurology
2616,13,Cardiology
2617,15,Oncology
2618,206,Cardiology
2619,126,Neurology
2620,131,Internal
2621,372,Neurology
2622,100,Internal
2623,462,Internal
2624,338,Neurology
2625,449,Oncology
2626,197,Cardiology
2627,329,Neurology
2628,404,Internal
2629,134,Cardiology
2630,339,Oncology
2631,457,Oncology
2632,172,Neurology
2633,252,Oncology
2634,80,Internal
2635,424,Internal
2636,50,Cardiology
2637,200,Oncology
2638,169,Neurology
2639,239,Oncology
2640,204,Neurology
2641,183,Neurology
2642,47,Internal
2643,460,Neurology
2644,242,Internal
2645,170,Cardiology
2646,403,Oncology
2647,81,Internal
2648,140,Neurology
2649,457,Cardiology
2650,39,Cardiology
2651,350,Internal
2652,457,Internal
2653,82,Oncology
2654,157,Cardiology
2655,226,Neurology
2656,167,Cardiology
2657,24,Cardiology
2658,49,Neurology
2659,489,Internal
2660,305,Oncology
2661,340,Internal
2662,355,Oncology
2663,209,Cardiology
2664,130,Oncology
2665,452,Neurology
2666,185,Neurology
2667,117,Internal
2668,479,Neurology
2669,51,Oncology
2670,285,Neurology
2671,186,Oncology
2672,402,Cardiology
2673,217,Internal
2674,179,Neurology
2675,138,Neurology
2676,161,Cardiology
2677,468,Internal
2678,73,Cardiology
2679,1,Neurology
2680,111,Cardiology
2681,406,Internal
2682,239,Internal
2683,324,Oncology
2684,136,Oncology
2685,431,Internal
2686,154,Neurology
2687,350,Internal
2688,285,Oncology
2689,347,Neurology
2690,375,Internal
2691,259,Neurology
2692,500,Internal
2693,177,Internal
2694,38,Oncology
2695,365,Oncology
2696,195,Neurology
2697,238,Cardiology
2698,182,Cardiology
2699,167,Neurology
2700,131,Internal
2701,450,Neurology
2702,58,Cardiology
2703,462,Internal
2704,113,Internal
2705,146,Cardiology
2706,150,Internal
2707,362,Oncology
2708,259,Neurology
2709,280,Internal
2710,16,Neurology
2711,66,Internal
2712,251,Cardiology
2713,365,Cardiology
2714,474,Internal
2715,190,Neurology
2716,397,Neurology
2717,43,Cardiology
2718,323,Cardiology
2719,235,Oncology
2720,252,Neurology
2721,467,Oncology
2722,215,Oncology
2723,37,Neurology
2724,139,Neurology
2725,24,Cardiology
2726,301,Neurology
2727,332,Cardiology
2728,239,Neurology
2729,360,Neurology
2730,396,Neurology
2731,466,Internal
2732,158,Internal
2733,126,Oncology
2734,123,Cardiology
2735,379,Neurology
2736,381,Neurology
2737,53,Internal
2738,275,Internal
2739,124,Cardiology
2740,386,Neurology
2741,235,Neurology
2742,410,Oncology
2743,277,Cardiology
2744,288,Oncology
2745,179,Internal
2746,249,Oncology
2747,317,Neurology
2748,486,Neurology
2749,116,Cardiology
2750,422,Cardiology
2751,249,Internal
2752,345,Internal
2753,79,Neurology
2754,284,Oncology
2755,139,Neurology
2756,73,Internal
2757,479,Internal
2758,5,Neurology
2759,448,Cardiology
2760,382,Neurology
2761,9,Internal
2762,88,Cardiology
2763,229,Cardiology
2764,278,Cardiology
2765,107,Cardiology
2766,305,Neurology
2767,308,Oncology
2768,340,Oncology
2769,149,Internal
2770,260,Cardiology
2771,340,Internal
2772,397,Cardiology
2773,462,Internal
2774,195,Neurology
2775,437,Neurology
2776,45,Internal
2777,136,Internal
2778,436,Cardiology
2779,353,Cardiology
2780,54,Oncology
2781,11,Neurology
2782,278,Neurology
2783,384,Cardiology
2784,20,Cardiology
2785,169,Internal
2786,307,Internal
2787,361,Cardiology
2788,165,Internal
2789,383,Cardiology
2790,319,Cardiology
2791,439,Oncology
2792,218,Neurology
2793,77,Neurology
2794,467,Neurology
2795,384,Neurology
2796,126,Neurology
2797,406,Cardiology
2798,149,Cardiology
2799,333,Cardiology
2800,183,Cardiology
2801,312,Cardiology
2802,39,Neurology
2803,74,Internal
2804,432,Oncology
2805,211,Oncology
2806,48,Neurology
2807,302,Cardiology
2808,101,Cardiology
2809,173,Oncology
2810,64,Oncology
2811,384,Internal
2812,65,Internal
2813,283,Internal
2814,201,Neurology
2815,355,Oncology
2816,88,Internal
2817,410,Cardiology
2818,442,Cardiology
2819,105,Cardiology
2820,467,Neurology
2821,243,Cardiology
2822,90,Cardiology
2823,261,Oncology
2824,109,Oncology
2825,249,Neurology
2826,152,Internal
2827,342,Oncology
2828,271,Oncology
2829,10,Cardiology
2830,243,Neurology
2831,455,Internal
2832,190,Oncology
2833,64,Internal
2834,134,Internal
2835,258,Internal
2836,427,Neurology
2837,129,Cardiology
2838,244,Internal
2839,296,Internal
2840,60,Neurology
2841,404,Cardiology
2842,382,Neurology
2843,20,Neurology
2844,159,Internal
2845,239,Neurology
2846,402,Internal
2847,357,Oncology
2848,369,Cardiology
2849,139,Cardiology
2850,61,Neurology
2851,354,Neurology
2852,163,Internal
2853,481,Oncology
2854,316,Neurology
2855,429,Neurology
2856,374,Cardiology
2857,83,Cardiology
2858,217,Oncology
2859,208,Cardiology
2860,282,Cardiology
2861,231,Cardiology
2862,45,Cardiology
2863,409,Internal
2864,2,Cardiology
2865,290,Oncology
2866,118,Internal
2867,270,Cardiology
2868,250,Oncology
2869,18,Cardiology
2870,278,Neurology
2871,255,Internal
2872,27,Neurology
2873,302,Oncology
2874,463,Neurology
2875,79,Neurology
2876,66,Cardiology
2877,344,Neurology
2878,437,Neurology
2879,476,Oncology
2880,474,Neurology
2881,106,Cardiology
2882,243,Oncology
2883,437,Neurology
2884,406,Neurology
2885,341,Neurology
2886,274,Internal
2887,393,Internal
2888,45,Neurology
2889,250,Internal
2890,80,Cardiology
2891,485,Cardiology
2892,248,Oncology
2893,296,Oncology
2894,170,Neurology
2895,22,Cardiology
2896,368,Cardiology
2897,43,Cardiology
2898,148,Internal
2899,260,Neurology
2900,37,Oncology
2901,411,Cardiology
2902,399,Internal
2903,138,Oncology
2904,281,Internal
2905,373,Oncology
2906,280,Neurology
2907,4,Cardiology
2908,186,Internal
2909,191,Internal
2910,236,Cardiology
2911,463,Cardiology
2912,56,Cardiology
2913,385,Internal
2914,357,Cardiology
2915,214,Neurology
2916,63,Cardiology
2917,422,Oncology
2918,397,Internal
2919,438,Oncology
2920,220,Cardiology
2921,133,Internal
2922,20,Cardiology
2923,106,Oncology
2924,457,Cardiology
2925,50,Cardiology
2926,445,Internal
2927,294,Neurology
2928,49,Internal
2929,462,Cardiology
2930,27,Cardiology
2931,87,Internal
2932,143,Cardiology
2933,141,Internal
2934,202,Cardiology
2935,76,Neurology
2936,277,Oncology
2937,297,Internal
2938,343,Neurology
2939,50,Neurology
2940,488,Internal
2941,67,Neurology
2942,280,Internal
2943,337,Cardiology
2944,283,Neurology
2945,449,Cardiology
2946,478,Neurology
2947,191,Cardiology
2948,186,Cardiology
2949,359,Internal
2950,472,Neurology
2951,495,Neurology
2952,177,Oncology
2953,11,Oncology
2954,371,Neurology
2955,423,Cardiology
2956,357,Oncology
2957,462,Neurology
2958,424,Oncology
2959,289,Oncology
2960,91,Internal
2961,136,Neurology
2962,256,Oncology
2963,282,Internal
2964,1,Cardiology
2965,419,Oncology
2966,431,Internal
2967,439,Cardiology
2968,126,Oncology
2969,356,Neurology
2970,433,Neurology
2971,231,Cardiology
2972,252,Cardiology
2973,384,Neurology
2974,335,Oncology
2975,120,Neurology
2976,120,Oncology
2977,2,Neurology
2978,272,Neurology
2979,148,Neurology
2980,382,Neurology
2981,342,Cardiology
2982,339,Oncology
2983,402,Internal
2984,332,Cardiology
2985,480,Cardiology
2986,327,Oncology
2987,131,Oncology
2988,20,Internal
2989,476,Cardiology
2990,18,Internal
2991,493,Neurology
2992,444,Neurology
2993,218,Neurology
2994,303,Neurology
2995,45,Neurology
2996,384,Internal
2997,47,Internal
2998,389,Oncology
2999,386,Internal
3000,429,Neurology
3001,266,Oncology
3002,417,Neurology
3003,214,Neurology
3004,98,Cardiology
3005,229,Internal
3006,290,Internal
3007,146,Internal
3008,250,Cardiology
3009,437,Oncology
3010,364,Neurology
3011,256,Oncology
3012,449,Neurology
3013,467,Oncology
3014,441,Internal
3015,21,Neurology
3016,72,Cardiology
3017,396,Oncology
3018,339,Cardiology
3019,125,Neurology
3020,87,Internal
3021,438,Oncology
3022,297,Cardiology
3023,79,Internal
3024,115,Cardiology
3025,85,Neurology
3026,11,Oncology
3027,117,Neurology
3028,30,Cardiology
3029,241,Cardiology
3030,239,Oncology
3031,96,Oncology
3032,161,Internal
3033,354,Oncology
3034,464,Internal
3035,236,Cardiology
3036,117,Internal
3037,157,Internal
3038,442,Internal
3039,76,Internal
3040,323,Internal
3041,403,Internal
3042,239,Cardiology
3043,368,Neurology
3044,112,Oncology
3045,21,Neurology
3046,8,Neurology
3047,467,Neurology
3048,213,Neurology
3049,140,Cardiology
3050,215,Neurology
3051,181,Cardiology
3052,113,Oncology
3053,447,Cardiology
3054,360,Neurology
3055,78,Neurology
3056,324,Neurology
3057,268,Oncology
3058,160,Neurology
3059,102,Neurology
3060,471,Internal
3061,140,Internal
3062,406,Oncology
3063,41,Neurology
3064,279,Cardiology
3065,432,Oncology
3066,407,Internal
3067,287,Cardiology
3068,413,Cardiology
3069,262,Oncology
3070,243,Neurology
3071,240,Internal
3072,482,Cardiology
3073,6,Neurology
3074,328,Oncology
3075,78,Neurology
3076,13,Internal
3077,490,Internal
3078,228,Cardiology
3079,468,Internal
3080,393,Oncology
3081,300,Internal
3082,220,Internal
3083,409,Oncology
3084,455,Oncology
3085,443,Oncology
3086,394,Internal
3087,50,Cardiology
3088,272,Oncology
3089,213,Oncology
3090,176,Neurology
3091,434,Neurology
3092,82,Cardiology
3093,447,Cardiology
3094,476,Oncology
3095,310,Neurology
3096,154,Cardiology
3097,205,Neurology
3098,128,Oncology
3099,293,Cardiology
3100,230,Oncology
3101,232,Cardiology
3102,249,Neurology
3103,420,Neurology
3104,499,Oncology
3105,269,Oncology
3106,52,Oncology
3107,475,Cardiology
3108,438,Oncology
3109,192,Internal
3110,70,Neurology
3111,251,Internal
3112,242,Internal
3113,436,Oncology
3114,433,Internal
3115,245,Cardiology
3116,401,Oncology
3117,423,Cardiology
3118,498,Cardiology
3119,294,Cardiology
3120,312,Neurology
3121,48,Internal
3122,377,Internal
3123,304,Internal
3124,477,Internal
3125,267,Cardiology
3126,206,Internal
3127,58,Internal
3128,207,Oncology
3129,85,Oncology
3130,318,Neurology
3131,381,Internal
3132,420,Cardiology
3133,190,Cardiology
3134,135,Neurology
3135,493,Oncology
3136,381,Cardiology
3137,289,Internal
3138,410,Internal
3139,332,Oncology
3140,296,Cardiology
3141,477,Internal
3142,105,Oncology
3143,306,Internal
3144,399,Oncology
3145,251,Cardiology
3146,461,Neurology
3147,316,Internal
3148,172,Internal
3149,288,Cardiology
3150,91,Cardiology
3151,482,Neurology
3152,464,Internal
3153,229,Oncology
3154,14,Neurology
3155,161,Oncology
3156,456,Cardiology
3157,390,Oncology
3158,211,Neurology
3159,326,Internal
3160,335,Cardiology
3161,396,Cardiology
3162,176,Cardiology
3163,395,Internal
3164,156,Oncology
3165,352,Internal
3166,58,Cardiology
3167,235,Oncology
3168,299,Internal
3169,315,Neurology
3170,359,Cardiology
3171,492,Internal
3172,65,Internal
3173,450,Internal
3174,394,Internal
3175,61,Neurology
3176,113,Neurology
3177,28,Internal
3178,178,Oncology
3179,60,Internal
3180,60,Neurology
3181,443,Internal
3182,395,Neurology
3183,331,Neurology
3184,83,Internal
3185,143,Internal
3186,124,Internal
3187,470,Internal
3188,50,Neurology
3189,27,Internal
3190,468,Neurology
3191,370,Neurology
3192,334,Oncology
3193,166,Cardiology
3194,341,Cardiology
3195,165,Internal
3196,481,Oncology
3197,238,Oncology
3198,216,Cardiology
3199,239,Oncology
3200,259,Neurology
3201,395,Oncology
3202,90,Cardiology
3203,266,Neurology
3204,250,Neurology
3205,179,Internal
3206,344,Neurology
3207,412,Cardiology
3208,97,Oncology
3209,461,Neurology
3210,22,Neurology
3211,152,Neurology
3212,129,Internal
3213,281,Oncology
3214,42,Cardiology
3215,97,Internal
3216,403,Neurology
3217,147,Oncology
3218,440,Internal
3219,93,Cardiology
3220,138,Cardiology
3221,110,Oncology
3222,122,Internal
3223,229,Internal
3224,332,Cardiology
3225,148,Neurology
3226,393,Neurology
3227,63,Internal
3228,348,Internal
3229,13,Neurology
3230,303,Cardiology
3231,126,Oncology
3232,175,Cardiology
3233,457,Neurology
3234,333,Neurology
3235,477,Internal
3236,329,Neurology
3237,51,Neurology
3238,107,Oncology
3239,249,Cardiology
3240,14,Neurology
3241,126,Internal
3242,327,Internal
3243,26,Cardiology
3244,162,Internal
3245,240,Internal
3246,14,Internal
3247,182,Cardiology
3248,10,Internal
3249,251,Neurology
3250,72,Internal
3251,47,Cardiology
3252,43,Neurology
3253,255,Cardiology
3254,355,Internal
3255,95,Internal
3256,466,Cardiology
3257,77,Internal
3258,69,Internal
3259,285,Oncology
3260,341,Internal
3261,203,Cardiology
3262,263,Oncology
3263,468,Internal
3264,351,Internal
3265,341,Internal
3266,91,Internal
3267,248,Internal
3268,64,Internal
3269,253,Neurology
3270,415,Oncology
3271,322,Neurology
3272,402,Internal
3273,58,Cardiology
3274,465,Neurology
3275,460,Internal
3276,108,Internal
3277,371,Neurology
3278,267,Oncology
3279,92,Cardiology
3280,191,Internal
3281,142,Oncology
3282,429,Cardiology
3283,12,Cardiology
3284,264,Neurology
3285,368,Neurology
3286,85,Neurology
3287,388,Internal
3288,150,Oncology
3289,194,Oncology
3290,299,Oncology
3291,393,Oncology
3292,277,Cardiology
3293,377,Cardiology
3294,378,Neurology
3295,379,Oncology
3296,500,Internal
3297,432,Internal
3298,212,Oncology
3299,73,Neurology
3300,244,Oncology
3301,495,Neurology
3302,278,Cardiology
3303,279,Oncology
3304,348,Neurology
3305,79,Neurology
3306,130,Internal
3307,388,Internal
3308,296,Internal
3309,473,Oncology
3310,124,Internal
3311,308,Cardiology
3312,215,Internal
3313,278,Cardiology
3314,254,Neurology
3315,263,Oncology
3316,230,Neurology
3317,391,Cardiology
3318,282,Oncology
3319,157,Neurology
3320,158,Cardiology
3321,251,Cardiology
3322,495,Internal
3323,89,Oncology
3324,316,Oncology
3325,62,Internal
3326,89,Oncology
3327,353,Cardiology
3328,388,Internal
3329,303,Neurology
3330,189,Oncology
3331,7,Cardiology
3332,156,Cardiology
3333,158,Neurology
3334,401,Cardiology
3335,141,Neurology
3336,264,Internal
3337,195,Neurology
3338,26,Neurology
3339,447,Cardiology
3340,323,Cardiology
3341,352,Internal
3342,81,Oncology
3343,369,Neurology
3344,338,Oncology
3345,224,Internal
3346,277,Oncology
3347,123,Neurology
3348,160,Oncology
3349,385,Cardiology
3350,445,Neurology
3351,239,Cardiology
3352,119,Internal
3353,222,Internal
3354,140,Oncology
3355,238,Oncology
3356,135,Neurology
3357,429,Cardiology
3358,262,Internal
3359,138,Oncology
3360,183,Cardiology
3361,49,Internal
3362,173,Internal
3363,362,Internal
3364,369,Neurology
3365,36,Cardiology
3366,495,Cardiology
3367,269,Internal
3368,236,Neurology
3369,228,Internal
3370,325,Oncology
3371,278,Internal
3372,368,Cardiology
3373,63,Oncology
3374,346,Neurology
3375,87,Cardiology
3376,391,Neurology
3377,223,Oncology
3378,358,Cardiology
3379,31,Cardiology
3380,483,Cardiology
3381,94,Internal
3382,455,Neurology
3383,294,Cardiology
3384,305,Cardiology
3385,279,Cardiology
3386,194,Internal
3387,271,Neurology
3388,493,Cardiology
3389,174,Internal
3390,184,Cardiology
3391,473,Cardiology
3392,151,Neurology
3393,410,Internal
3394,20,Oncology
3395,81,Oncology
3396,484,Oncology
3397,198,Oncology
3398,432,Cardiology
3399,59,Cardiology
3400,119,Cardiology
3401,87,Cardiology
3402,195,Cardiology
3403,311,Neurology
3404,113,Internal
3405,373,Neurology
3406,495,Neurology
3407,368,Neurology
3408,14,Internal
3409,446,Internal
3410,11,Internal
3411,305,Internal
3412,352,Oncology
3413,304,Oncology
3414,100,Neurology
3415,414,Oncology
3416,1,Internal
3417,474,Oncology
3418,306,Cardiology
3419,68,Neurology
3420,234,Cardiology
3421,58,Internal
3422,186,Neurology
3423,166,Neurology
3424,7,Neurology
3425,222,Internal
3426,42,Internal
3427,136,Cardiology
3428,423,Neurology
3429,182,Internal
3430,471,Internal
3431,71,Cardiology
3432,168,Internal
3433,317,Internal
3434,415,Oncology
3435,293,Oncology
3436,436,Oncology
3437,272,Oncology
3438,402,Internal
3439,271,Neurology
3440,463,Internal
3441,36,Cardiology
3442,498,Cardiology
3443,91,Internal
3444,142,Cardiology
3445,350,Cardiology
3446,4,Internal
3447,320,Oncology
3448,203,Cardiology
3449,103,Cardiology
3450,356,Oncology
3451,314,Cardiology
3452,171,Internal
3453,350,Cardiology
3454,259,Cardiology
3455,185,Cardiology
3456,172,Cardiology
3457,347,Internal
3458,203,Internal
3459,207,Cardiology
3460,237,Oncology
3461,225,Internal
3462,436,Neurology
3463,364,Neurology
3464,408,Neurology
3465,373,Neurology
3466,476,Internal
3467,197,Neurology
3468,125,Cardiology
3469,350,Cardiology
3470,232,Neurology
3471,139,Oncology
3472,342,Neurology
3473,33,Oncology
3474,256,Oncology
3475,90,Oncology
3476,205,Neurology
3477,85,Oncology
3478,80,Cardiology
3479,259,Cardiology
3480,285,Internal
3481,390,Internal
3482,472,Oncology
3483,40,Cardiology
3484,377,Oncology
3485,308,Cardiology
3486,241,Internal
3487,212,Neurology
3488,297,Oncology
3489,278,Internal
3490,74,Neurology
3491,219,Neurology
3492,345,Internal
3493,479,Internal
3494,311,Internal
3495,471,Internal
3496,147,Cardiology
3497,66,Cardiology
3498,488,Neurology
3499,155,Oncology
3500,120,Oncology
3501,47,Oncology
3502,184,Oncology
3503,137,Oncology
3504,244,Cardiology
3505,18,Internal
3506,468,Neurology
3507,236,Neurology
3508,177,Neurology
3509,441,Oncology
3510,288,Neurology
3511,437,Oncology
3512,153,Neurology
3513,163,Internal
3514,51,Oncology
3515,3,Cardiology
3516,188,Internal
3517,399,Cardiology
3518,410,Internal
3519,486,Neurology
3520,194,Cardiology
3521,276,Cardiology
3522,294,Neurology
3523,452,Oncology
3524,361,Oncology
3525,212,Oncology
3526,264,Oncology
3527,496,Oncology
3528,149,Internal
3529,59,Cardiology
3530,496,Internal
3531,495,Internal
3532,134,Cardiology
3533,258,Neurology
3534,87,Cardiology
3535,440,Oncology
3536,389,Oncology
3537,68,Neurology
3538,2,Neurology
3539,481,Cardiology
3540,240,Neurology
3541,106,Cardiology
3542,186,Neurology
3543,152,Cardiology
3544,130,Oncology
3545,410,Cardiology
3546,228,Cardiology
3547,84,Cardiology
3548,254,Cardiology
3549,431,Oncology
3550,212,Internal
3551,358,Neurology
3552,456,Oncology
3553,297,Internal
3554,492,Internal
3555,307,Cardiology
3556,36,Cardiology
3557,343,Neurology
3558,437,Cardiology
3559,177,Internal
3560,276,Oncology
3561,157,Cardiology
3562,229,Neurology
3563,244,Oncology
3564,376,Internal
3565,318,Oncology
3566,366,Internal
3567,214,Oncology
3568,406,Neurology
3569,94,Internal
3570,53,Internal
3571,136,Cardiology
3572,27,Cardiology
3573,111,Internal
3574,346,Cardiology
3575,168,Internal
3576,326,Neurology
3577,35,Neurology
3578,422,Internal
3579,312,Neurology
3580,416,Oncology
3581,371,Neurology
3582,240,Oncology
3583,230,Oncology
3584,180,Neurology
3585,244,Cardiology
3586,239,Cardiology
3587,162,Oncology
3588,117,Neurology
3589,62,Cardiology
3590,86,Oncology
3591,83,Neurology
3592,404,Oncology
3593,245,Internal
3594,100,Oncology
3595,449,Cardiology
3596,103,Neurology
3597,91,Neurology
3598,57,Internal
3599,210,Cardiology
3600,137,Neurology
3601,494,Neurology
3602,15,Oncology
3603,246,Cardiology
3604,61,Oncology
3605,239,Neurology
3606,259,Internal
3607,73,Internal
3608,433,Cardiology
3609,487,Internal
3610,484,Oncology
3611,454,Internal
3612,150,Cardiology
3613,219,Neurology
3614,199,Internal
3615,76,Oncology
3616,111,Internal
3617,317,Oncology
3618,246,Neurology
3619,36,Neurology
3620,324,Internal
3621,474,Internal
3622,420,Cardiology
3623,182,Neurology
3624,139,Oncology
3625,356,Neurology
3626,430,Internal
3627,288,Cardiology
3628,323,Cardiology
3629,230,Neurology
3630,447,Neurology
3631,189,Oncology
3632,120,Cardiology
3633,8,Oncology
3634,165,Neurology
3635,40,Cardiology
3636,10,Internal
3637,255,Cardiology
3638,240,Neurology
3639,170,Internal
3640,189,Neurology
3641,257,Neurology
3642,474,Neurology
3643,96,Neurology
3644,392,Neurology
3645,34,Neurology
3646,468,Internal
3647,170,Cardiology
3648,387,Cardiology
3649,304,Oncology
3650,168,Oncology
3651,122,Cardiology
3652,290,Cardiology
3653,64,Internal
3654,342,Oncology
3655,25,Cardiology
3656,372,Internal
3657,361,Cardiology
3658,349,Neurology
3659,448,Oncology
3660,73,Cardiology
3661,133,Oncology
3662,195,Cardiology
3663,459,Internal
3664,18,Oncology
3665,86,Internal
3666,153,Oncology
3667,177,Cardiology
3668,386,Internal
3669,101,Cardiology
3670,184,Internal
3671,185,Internal
3672,24,Oncology
3673,227,Cardiology
3674,495,Cardiology
3675,151,Internal
3676,94,Oncology
3677,130,Cardiology
3678,163,Cardiology
3679,175,Cardiology
3680,37,Cardiology
3681,478,Internal
3682,439,Internal
3683,64,Cardiology
3684,162,Cardiology
3685,234,Neurology
3686,126,Internal
3687,361,Neurology
3688,404,Cardiology
3689,118,Neurology
3690,282,Cardiology
3691,128,Cardiology
3692,465,Neurology
3693,148,Cardiology
3694,379,Cardiology
3695,296,Neurology
3696,114,Internal
3697,8,Internal
3698,126,Internal
3699,486,Internal
3700,245,Oncology
3701,316,Neurology
3702,276,Cardiology
3703,219,Neurology
3704,237,Internal
3705,133,Oncology
3706,269,Neurology
3707,205,Neurology
3708,497,Neurology
3709,193,Internal
3710,209,Neurology
3711,318,Oncology
3712,200,Internal
3713,207,Neurology
3714,392,Cardiology
3715,181,Internal
3716,439,Cardiology
3717,56,Cardiology
3718,149,Neurology
3719,135,Cardiology
3720,440,Oncology
3721,286,Neurology
3722,424,Cardiology
3723,159,Cardiology
3724,143,Oncology
3725,406,Internal
3726,122,Internal
3727,85,Neurology
3728,350,Oncology
3729,424,Neurology
3730,367,Neurology
3731,12,Oncology
3732,364,Oncology
3733,150,Oncology
3734,18,Internal
3735,500,Oncology
3736,346,Oncology
3737,436,Oncology
3738,472,Neurology
3739,339,Neurology
3740,178,Cardiology
3741,112,Neurology
3742,75,Neurology
3743,331,Cardiology
3744,309,Oncology
3745,497,Internal
3746,84,Oncology
3747,491,Cardiology
3748,108,Neurology
3749,236,Cardiology
3750,29,Internal
3751,69,Internal
3752,132,Internal
3753,424,Internal
3754,316,Neurology
3755,16,Oncology
3756,115,Cardiology
3757,251,Internal
3758,275,Cardiology
3759,248,Neurology
3760,387,Oncology
3761,205,Internal
3762,231,Cardiology
3763,247,Internal
3764,435,Cardiology
3765,393,Neurology
3766,105,Internal
3767,375,Cardiology
3768,488,Cardiology
3769,342,Cardiology
3770,107,Cardiology
3771,120,Neurology
3772,328,Internal
3773,52,Oncology
3774,270,Oncology
3775,467,Neurology
3776,142,Internal
3777,190,Oncology
3778,104,Oncology
3779,448,Cardiology
3780,42,Oncology
3781,1,Internal
3782,397,Neurology
3783,275,Cardiology
3784,83,Cardiology
3785,397,Cardiology
3786,317,Internal
3787,298,Oncology
3788,95,Internal
3789,2,Oncology
3790,277,Cardiology
3791,409,Neurology
3792,51,Oncology
3793,324,Neurology
3794,186,Neurology
3795,366,Neurology
3796,328,Internal
3797,450,Internal
3798,407,Oncology
3799,166,Neurology
3800,470,Oncology
3801,285,Internal
3802,437,Oncology
3803,208,Oncology
3804,120,Internal
3805,54,Neurology
3806,98,Oncology
3807,364,Oncology
3808,130,Cardiology
3809,455,Internal
3810,487,Oncology
3811,336,Cardiology
3812,492,Oncology
3813,320,Neurology
3814,494,Neurology
3815,142,Neurology
3816,347,Internal
3817,80,Neurology
3818,213,Neurology
3819,168,Neurology
3820,415,Neurology
3821,197,Cardiology
3822,434,Internal
3823,418,Neurology
3824,149,Neurology
3825,165,Oncology
3826,145,Cardiology
3827,270,Internal
3828,492,Neurology
3829,432,Internal
3830,302,Cardiology
3831,300,Neurology
3832,499,Internal
3833,163,Cardiology
3834,319,Neurology
3835,178,Internal
3836,497,Neurology
3837,253,Oncology
3838,261,Neurology
3839,413,Neurology
3840,408,Neurology
3841,197,Cardiology
3842,251,Oncology
3843,170,Cardiology
3844,457,Neurology
3845,25,Neurology
3846,173,Cardiology
3847,405,Cardiology
3848,264,Internal
3849,336,Oncology
3850,90,Neurology
3851,399,Cardiology
3852,404,Internal
3853,99,Cardiology
3854,160,Neurology
3855,268,Oncology
3856,5,Internal
3857,134,Neurology
3858,107,Internal
3859,247,Neurology
3860,453,Internal
3861,340,Neurology
3862,216,Oncology
3863,448,Internal
3864,64,Cardiology
3865,80,Oncology
3866,307,Oncology
3867,300,Neurology
3868,471,Neurology
3869,442,Oncology
3870,368,Cardiology
3871,225,Cardiology
3872,320,Neurology
3873,164,Oncology
3874,310,Oncology
3875,199,Cardiology
3876,254,Oncology
3877,215,Neurology
3878,211,Internal
3879,313,Oncology
3880,138,Internal
3881,492,Cardiology
3882,272,Internal
3883,344,Cardiology
3884,46,Oncology
3885,384,Oncology
3886,12,Oncology
3887,141,Internal
3888,298,Oncology
3889,267,Internal
3890,169,Cardiology
3891,15,Oncology
3892,400,Cardiology
3893,346,Neurology
3894,386,Oncology
3895,160,Oncology
3896,432,Internal
3897,90,Oncology
3898,243,Neurology
3899,14,Oncology
3900,426,Internal
3901,139,Oncology
3902,331,Neurology
3903,260,Internal
3904,462,Oncology
3905,48,Oncology
3906,233,Neurology
3907,171,Internal
3908,337,Neurology
3909,90,Internal
3910,125,Internal
3911,195,Oncology
3912,403,Neurology
3913,67,Oncology
3914,367,Cardiology
3915,285,Cardiology
3916,322,Neurology
3917,260,Cardiology
3918,74,Oncology
3919,169,Internal
3920,233,Neurology
3921,130,Neurology
3922,492,Cardiology
3923,220,Oncology
3924,496,Internal
3925,16,Oncology
3926,478,Oncology
3927,154,Cardiology
3928,478,Internal
3929,225,Oncology
3930,344,Oncology
3931,134,Oncology
3932,324,Cardiology
3933,448,Cardiology
3934,439,Oncology
3935,371,Internal
3936,229,Neurology
3937,131,Cardiology
3938,160,Oncology
3939,124,Neurology
3940,437,Oncology
3941,4,Internal
3942,49,Internal
3943,132,Internal
3944,199,Cardiology
3945,497,Internal
3946,430,Oncology
3947,101,Cardiology
3948,403,Cardiology
3949,335,Neurology
3950,197,Cardiology
3951,205,Neurology
3952,211,Neurology
3953,410,Neurology
3954,195,Internal
3955,495,Neurology
3956,380,Cardiology
3957,208,Neurology
3958,149,Cardiology
3959,205,Internal
3960,250,Neurology
3961,483,Oncology
3962,137,Cardiology
3963,62,Neurology
3964,409,Neurology
3965,204,Neurology
3966,488,Cardiology
3967,278,Cardiology
3968,45,Internal
3969,237,Cardiology
3970,225,Cardiology
3971,422,Oncology
3972,320,Neurology
3973,122,Cardiology
3974,167,Neurology
3975,18,Neurology
3976,113,Oncology
3977,199,Internal
3978,38,Cardiology
3979,119,Oncology
3980,243,Neurology
3981,452,Neurology
3982,165,Neurology
3983,297,Neurology
3984,13,Internal
3985,179,Oncology
3986,273,Internal
3987,127,Oncology
3988,323,Neurology
3989,85,Internal
3990,479,Oncology
3991,60,Oncology
3992,228,Internal
3993,278,Neurology
3994,182,Oncology
3995,219,Cardiology
3996,81,Oncology
3997,143,Oncology
3998,367,Internal
3999,382,Neurology
4000,4,Internal
4001,155,Neurology
4002,465,Cardiology
4003,357,Cardiology
4004,121,Neurology
4005,298,Oncology
4006,63,Oncology
4007,49,Oncology
4008,281,Internal
4009,244,Internal
4010,305,Oncology
4011,383,Neurology
4012,312,Internal
4013,259,Cardiology
4014,116,Cardiology
4015,398,Neurology
4016,412,Neurology
4017,244,Cardiology
4018,34,Cardiology
4019,388,Oncology
4020,493,Oncology
4021,70,Cardiology
4022,239,Internal
4023,119,Internal
4024,120,Cardiology
4025,126,Internal
4026,302,Oncology
4027,194,Internal
4028,199,Oncology
4029,338,Cardiology
4030,47,Internal
4031,130,Oncology
4032,117,Cardiology
4033,160,Cardiology
4034,353,Oncology
4035,127,Neurology
4036,401,Oncology
4037,107,Internal
4038,237,Neurology
4039,500,Internal
4040,270,Cardiology
4041,5,Cardiology
4042,223,Cardiology
4043,320,Cardiology
4044,84,Internal
4045,137,Oncology
4046,217,Cardiology
4047,96,Neurology
4048,217,Cardiology
4049,96,Neurology
4050,371,Oncology
4051,99,Neurology
4052,32,Oncology
4053,483,Neurology
4054,126,Cardiology
4055,88,Internal
4056,286,Internal
4057,369,Oncology
4058,110,Oncology
4059,371,Oncology
4060,222,Cardiology
4061,76,Oncology
4062,247,Internal
4063,481,Neurology
4064,80,Oncology
4065,191,Cardiology
4066,157,Oncology
4067,452,Neurology
4068,296,Internal
4069,356,Internal
4070,385,Neurology
4071,285,Internal
4072,237,Internal
4073,242,Neurology
4074,7,Internal
4075,462,Internal
4076,336,Cardiology
4077,407,Cardiology
4078,182,Oncology
4079,498,Internal
4080,229,Neurology
4081,71,Oncology
4082,456,Oncology
4083,319,Cardiology
4084,211,Oncology
4085,165,Neurology
4086,457,Neurology
4087,260,Neurology
4088,136,Oncology
4089,206,Cardiology
4090,347,Cardiology
4091,448,Neurology
4092,217,Internal
4093,283,Internal
4094,470,Neurology
4095,223,Cardiology
4096,371,Oncology
4097,388,Internal
4098,128,Oncology
4099,75,Neurology
4100,229,Neurology
4101,295,Oncology
4102,460,Cardiology
4103,182,Oncology
4104,333,Cardiology
4105,225,Internal
4106,432,Neurology
4107,162,Oncology
4108,160,Oncology
4109,233,Internal
4110,381,Cardiology
4111,106,Internal
4112,69,Internal
4113,274,Cardiology
4114,427,Oncology
4115,429,Cardiology
4116,274,Internal
4117,273,Internal
4118,28,Oncology
4119,140,Internal
4120,135,Neurology
4121,475,Cardiology
4122,249,Oncology
4123,178,Internal
4124,258,Internal
4125,386,Neurology
4126,371,Cardiology
4127,253,Cardiology
4128,277,Internal
4129,321,Internal
4130,394,Internal
4131,96,Neurology
4132,407,Neurology
4133,382,Internal
4134,304,Neurology
4135,284,Oncology
4136,108,Neurology
4137,260,Internal
4138,328,Neurology
4139,64,Internal
4140,219,Cardiology
4141,130,Neurology
4142,39,Oncology
4143,458,Cardiology
4144,239,Cardiology
4145,144,Neurology
4146,406,Cardiology
4147,47,Internal
4148,218,Cardiology
4149,303,Internal
4150,183,Cardiology
4151,311,Cardiology
4152,98,Internal
4153,149,Neurology
4154,279,Oncology
4155,32,Oncology
4156,129,Cardiology
4157,243,Cardiology
4158,311,Internal
4159,363,Neurology
4160,4,Neurology
4161,41,Cardiology
4162,181,Internal
4163,451,Internal
4164,380,Oncology
4165,355,Internal
4166,15,Oncology
4167,250,Oncology
4168,51,Internal
4169,399,Cardiology
4170,485,Internal
4171,193,Oncology
4172,5,Neurology
4173,331,Internal
4174,381,Cardiology
4175,22,Cardiology
4176,181,Internal
4177,404,Internal
4178,145,Neurology
4179,212,Oncology
4180,357,Neurology
4181,46,Neurology
4182,424,Oncology
4183,308,Cardiology
4184,218,Internal
4185,201,Neurology
4186,1,Oncology
4187,297,Oncology
4188,443,Internal
4189,182,Cardiology
4190,451,Cardiology
4191,292,Oncology
4192,297,Internal
4193,327,Internal
4194,121,Oncology
4195,359,Neurology
4196,485,Neurology
4197,412,Oncology
4198,218,Cardiology
4199,382,Neurology
4200,455,Oncology
4201,415,Internal
4202,122,Oncology
4203,24,Oncology
4204,457,Internal
4205,90,Internal
4206,376,Neurology
4207,81,Oncology
4208,222,Cardiology
4209,130,Oncology
4210,24,Neurology
4211,355,Neurology
4212,191,Neurology
4213,386,Internal
4214,431,Cardiology
4215,100,Internal
4216,337,Oncology
4217,269,Neurology
4218,150,Oncology
4219,183,Internal
4220,301,Oncology
4221,488,Internal
4222,467,Cardiology
4223,173,Neurology
4224,199,Cardiology
4225,495,Internal
4226,114,Oncology
4227,366,Cardiology
4228,424,Internal
4229,31,Oncology
4230,270,Cardiology
4231,64,Oncology
4232,286,Neurology
4233,243,Oncology
4234,463,Oncology
4235,28,Cardiology
4236,202,Oncology
4237,317,Cardiology
4238,367,Oncology
4239,271,Cardiology
4240,433,Neurology
4241,94,Internal
4242,299,Oncology
4243,234,Cardiology
4244,303,Cardiology
4245,289,Cardiology
4246,248,Cardiology
4247,15,Internal
4248,46,Internal
4249,439,Internal
4250,143,Neurology
4251,233,Internal
4252,192,Neurology
4253,147,Internal
4254,127,Internal
4255,282,Neurology
4256,137,Neurology
4257,463,Neurology
4258,437,Oncology
4259,167,Neurology
4260,296,Cardiology
4261,476,Neurology
4262,471,Neurology
4263,184,Neurology
4264,227,Cardiology
4265,374,Neurology
4266,315,Internal
4267,236,Internal
4268,286,Internal
4269,30,Oncology
4270,471,Neurology
4271,383,Neurology
4272,59,Internal
4273,57,Internal
4274,156,Internal
4275,495,Oncology
4276,376,Neurology
4277,469,Oncology
4278,388,Oncology
4279,378,Neurology
4280,55,Neurology
4281,80,Oncology
4282,278,Internal
4283,208,Oncology
4284,124,Cardiology
4285,199,Oncology
4286,424,Cardiology
4287,44,Neurology
4288,380,Internal
4289,318,Cardiology
4290,278,Oncology
4291,136,Oncology
4292,314,Neurology
4293,307,Internal
4294,464,Neurology
4295,302,Internal
4296,2,Internal
4297,408,Neurology
4298,316,Cardiology
4299,43,Cardiology
4300,37,Neurology
4301,212,Neurology
4302,476,Internal
4303,35,Cardiology
4304,180,Neurology
4305,403,Cardiology
4306,130,Internal
4307,176,Cardiology
4308,3,Oncology
4309,396,Cardiology
4310,6,Neurology
4311,390,Internal
4312,485,Internal
4313,117,Internal
4314,389,Oncology
4315,418,Oncology
4316,471,Oncology
4317,88,Oncology
4318,195,Cardiology
4319,482,Neurology
4320,154,Neurology
4321,279,Neurology
4322,368,Neurology
4323,278,Cardiology
4324,344,Cardiology
4325,233,Neurology
4326,476,Neurology
4327,68,Oncology
4328,107,Oncology
4329,205,Internal
4330,285,Internal
4331,371,Oncology
4332,295,Internal
4333,208,Internal
4334,356,Internal
4335,182,Internal
4336,484,Neurology
4337,367,Neurology
4338,460,Internal
4339,421,Cardiology
4340,373,Internal
4341,242,Neurology
4342,192,Internal
4343,267,Oncology
4344,189,Internal
4345,304,Internal
4346,339,Cardiology
4347,181,Cardiology
4348,186,Internal
4349,301,Internal
4350,374,Cardiology
4351,53,Cardiology
4352,467,Oncology
4353,479,Internal
4354,305,Oncology
4355,339,Oncology
4356,329,Oncology
4357,425,Neurology
4358,341,Neurology
4359,384,Cardiology
4360,307,Internal
4361,170,Oncology
4362,257,Oncology
4363,75,Oncology
4364,403,Internal
4365,145,Oncology
4366,45,Cardiology
4367,359,Neurology
4368,356,Cardiology
4369,366,Cardiology
4370,92,Oncology
4371,386,Oncology
4372,398,Oncology
4373,292,Internal
4374,308,Cardiology
4375,61,Oncology
4376,205,Internal
4377,410,Internal
4378,212,Cardiology
4379,429,Cardiology
4380,112,Cardiology
4381,160,Internal
4382,173,Internal
4383,292,Internal
4384,79,Neurology
4385,34,Oncology
4386,168,Neurology
4387,94,Neurology
4388,232,Internal
4389,15,Neurology
4390,112,Neurology
4391,130,Cardiology
4392,4,Cardiology
4393,240,Internal
4394,408,Internal
4395,485,Internal
4396,401,Oncology
4397,407,Oncology
4398,454,Cardiology
4399,187,Cardiology
4400,81,Cardiology
4401,457,Neurology
4402,66,Neurology
4403,328,Oncology
4404,112,Internal
4405,332,Cardiology
4406,37,Oncology
4407,254,Cardiology
4408,323,Neurology
4409,422,Cardiology
4410,337,Neurology
4411,275,Cardiology
4412,134,Neurology
4413,420,Oncology
4414,355,Neurology
4415,183,Neurology
4416,141,Cardiology
4417,97,Internal
4418,386,Internal
4419,449,Internal
4420,155,Neurology
4421,97,Neurology
4422,218,Neurology
4423,401,Cardiology
4424,441,Oncology
4425,488,Neurology
4426,381,Neurology
4427,297,Neurology
4428,74,Internal
4429,417,Cardiology
4430,190,Cardiology
4431,118,Cardiology
4432,143,Neurology
4433,244,Internal
4434,220,Neurology
4435,487,Neurology
4436,118,Neurology
4437,209,Neurology
4438,21,Internal
4439,101,Oncology
4440,467,Neurology
4441,491,Internal
4442,475,Internal
4443,50,Neurology
4444,172,Cardiology
4445,485,Neurology
4446,259,Oncology
4447,216,Oncology
4448,313,Internal
4449,347,Neurology
4450,111,Cardiology
4451,378,Cardiology
4452,411,Cardiology
4453,237,Neurology
4454,124,Oncology
4455,410,Neurology
4456,162,Oncology
4457,309,Neurology
4458,67,Internal
4459,484,Oncology
4460,77,Oncology
4461,433,Oncology
4462,296,Neurology
4463,203,Internal
4464,487,Internal
4465,146,Neurology
4466,37,Neurology
4467,379,Cardiology
4468,71,Cardiology
4469,38,Cardiology
4470,219,Internal
4471,392,Neurology
4472,285,Neurology
4473,488,Cardiology
4474,172,Neurology
4475,96,Internal
4476,53,Internal
4477,27,Cardiology
4478,438,Internal
4479,157,Internal
4480,309,Neurology
4481,313,Internal
4482,448,Cardiology
4483,235,Internal
4484,309,Oncology
4485,105,Oncology
4486,216,Oncology
4487,85,Internal
4488,239,Internal
4489,152,Neurology
4490,295,Internal
4491,485,Oncology
4492,42,Cardiology
4493,486,Oncology
4494,138,Neurology
4495,88,Cardiology
4496,436,Cardiology
4497,61,Neurology
4498,500,Neurology
4499,303,Oncology
4500,272,Cardiology
4501,39,Internal
4502,325,Oncology
4503,297,Cardiology
4504,386,Internal
4505,447,Neurology
4506,466,Oncology
4507,375,Cardiology
4508,5,Oncology
4509,382,Neurology
4510,350,Internal
4511,453,Cardiology
4512,276,Neurology
4513,220,Oncology
4514,81,Cardiology
4515,273,Neurology
4516,461,Neurology
4517,68,Internal
4518,338,Neurology
4519,256,Oncology
4520,190,Cardiology
4521,175,Neurology
4522,15,Oncology
4523,164,Neurology
4524,269,Oncology
4525,295,Cardiology
4526,425,Oncology
4527,455,Cardiology
4528,429,Neurology
4529,156,Internal
4530,487,Oncology
4531,208,Neurology
4532,97,Oncology
4533,5,Internal
4534,408,Neurology
4535,323,Cardiology
4536,393,Cardiology
4537,81,Cardiology
4538,389,Neurology
4539,269,Internal
4540,189,Oncology
4541,279,Internal
4542,275,Oncology
4543,374,Oncology
4544,368,Oncology
4545,55,Neurology
4546,35,Oncology
4547,228,Neurology
4548,303,Neurology
4549,453,Internal
4550,340,Cardiology
4551,323,Cardiology
4552,249,Internal
4553,80,Cardiology
4554,446,Cardiology
4555,88,Oncology
4556,417,Neurology
4557,239,Oncology
4558,452,Cardiology
4559,62,Internal
4560,403,Oncology
4561,165,Cardiology
4562,340,Internal
4563,202,Cardiology
4564,482,Cardiology
4565,421,Cardiology
4566,163,Oncology
4567,181,Oncology
4568,488,Internal
4569,95,Cardiology
4570,135,Oncology
4571,477,Oncology
4572,97,Cardiology
4573,203,Cardiology
4574,437,Internal
4575,95,Oncology
4576,431,Neurology
4577,477,Internal
4578,124,Internal
4579,403,Neurology
4580,184,Cardiology
4581,276,Neurology
4582,71,Internal
4583,312,Cardiology
4584,98,Internal
4585,350,Cardiology
4586,181,Oncology
4587,443,Oncology
4588,81,Oncology
4589,213,Oncology
4590,72,Internal
4591,20,Internal
4592,168,Neurology
4593,482,Cardiology
4594,401,Internal
4595,381,Oncology
4596,438,Oncology
4597,97,Neurology
4598,140,Neurology
4599,147,Oncology
4600,463,Cardiology
4601,485,Neurology
4602,4,Internal
4603,323,Cardiology
4604,150,Neurology
4605,118,Cardiology
4606,293,Internal
4607,57,Cardiology
4608,448,Neurology
4609,164,Cardiology
4610,444,Cardiology
4611,55,Oncology
4612,389,Oncology
4613,24,Neurology
4614,212,Oncology
4615,99,Cardiology
4616,447,Neurology
4617,156,Internal
4618,12,Cardiology
4619,352,Internal
4620,21,Cardiology
4621,371,Cardiology
4622,344,Neurology
4623,360,Cardiology
4624,96,Oncology
4625,343,Oncology
4626,498,Neurology
4627,90,Oncology
4628,265,Oncology
4629,167,Internal
4630,72,Neurology
4631,46,Internal
4632,478,Oncology
4633,391,Oncology
4634,155,Internal
4635,118,Cardiology
4636,141,Oncology
4637,145,Internal
4638,67,Internal
4639,276,Cardiology
4640,449,Neurology
4641,369,Internal
4642,382,Oncology
4643,442,Oncology
4644,396,Internal
4645,90,Internal
4646,203,Internal
4647,128,Internal
4648,314,Cardiology
4649,491,Neurology
4650,348,Oncology
4651,85,Neurology
4652,493,Cardiology
4653,296,Oncology
4654,278,Neurology
4655,104,Oncology
4656,136,Oncology
4657,412,Internal
4658,60,Internal
4659,104,Neurology
4660,122,Internal
4661,438,Internal
4662,13,Neurology
4663,58,Cardiology
4664,72,Neurology
4665,77,Oncology
4666,256,Oncology
4667,446,Neurology
4668,3,Cardiology
4669,467,Neurology
4670,48,Oncology
4671,133,Oncology
4672,25,Cardiology
4673,481,Neurology
4674,264,Cardiology
4675,359,Neurology
4676,13,Neurology
4677,300,Internal
4678,254,Neurology
4679,180,Neurology
4680,307,Internal
4681,158,Cardiology
4682,113,Oncology
4683,377,Internal
4684,462,Cardiology
4685,407,Internal
4686,490,Neurology
4687,217,Oncology
4688,463,Oncology
4689,452,Neurology
4690,453,Cardiology
4691,78,Cardiology
4692,41,Oncology
4693,286,Internal
4694,163,Neurology
4695,207,Neurology
4696,130,Oncology
4697,94,Neurology
4698,98,Internal
4699,441,Oncology
4700,292,Oncology
4701,331,Internal
4702,418,Internal
4703,492,Internal
4704,432,Cardiology
4705,446,Cardiology
4706,111,Internal
4707,7,Cardiology
4708,187,Neurology
4709,221,Neurology
4710,400,Neurology
4711,78,Internal
4712,387,Cardiology
4713,353,Neurology
4714,436,Neurology
4715,279,Cardiology
4716,48,Oncology
4717,396,Neurology
4718,58,Oncology
4719,105,Internal
4720,380,Neurology
4721,186,Neurology
4722,363,Internal
4723,390,Oncology
4724,414,Oncology
4725,178,Oncology
4726,474,Neurology
4727,157,Oncology
4728,489,Oncology
4729,381,Internal
4730,252,Oncology
4731,445,Oncology
4732,412,Cardiology
4733,295,Oncology
4734,194,Oncology
4735,452,Neurology
4736,427,Cardiology
4737,477,Internal
4738,366,Oncology
4739,351,Neurology
4740,275,Cardiology
4741,445,Oncology
4742,177,Cardiology
4743,132,Neurology
4744,420,Oncology
4745,247,Neurology
4746,376,Neurology
4747,210,Oncology
4748,300,Cardiology
4749,99,Neurology
4750,289,Cardiology
4751,292,Oncology
4752,80,Internal
4753,143,Cardiology
4754,274,Oncology
4755,424,Neurology
4756,90,Internal
4757,179,Oncology
4758,93,Oncology
4759,328,Cardiology
4760,210,Cardiology
4761,390,Internal
4762,457,Oncology
4763,301,Neurology
4764,279,Neurology
4765,406,Oncology
4766,314,Oncology
4767,496,Cardiology
4768,261,Oncology
4769,53,Neurology
4770,151,Internal
4771,213,Cardiology
4772,89,Neurology
4773,300,Oncology
4774,477,Internal
4775,285,Internal
4776,208,Cardiology
4777,197,Oncology
4778,258,Cardiology
4779,399,Internal
4780,161,Cardiology
4781,197,Neurology
4782,261,Internal
4783,500,Oncology
4784,469,Cardiology
4785,62,Cardiology
4786,360,Internal
4787,76,Oncology
4788,378,Internal
4789,261,Oncology
4790,431,Neurology
4791,108,Cardiology
4792,458,Internal
4793,464,Internal
4794,381,Neurology
4795,177,Neurology
4796,361,Neurology
4797,405,Oncology
4798,480,Internal
4799,165,Neurology
4800,126,Cardiology
4801,215,Cardiology
4802,329,Cardiology
4803,458,Internal
4804,149,Cardiology
4805,112,Oncology
4806,113,Oncology
4807,214,Neurology
4808,74,Neurology
4809,411,Cardiology
4810,269,Internal
4811,349,Neurology
4812,342,Cardiology
4813,410,Cardiology
4814,184,Oncology
4815,236,Cardiology
4816,122,Internal
4817,21,Internal
4818,270,Internal
4819,352,Neurology
4820,171,Internal
4821,192,Internal
4822,103,Neurology
4823,49,Cardiology
4824,79,Cardiology
4825,356,Oncology
4826,246,Oncology
4827,12,Oncology
4828,208,Cardiology
4829,165,Internal
4830,137,Internal
4831,310,Cardiology
4832,156,Neurology
4833,15,Neurology
4834,225,Internal
4835,46,Cardiology
4836,116,Neurology
4837,495,Neurology
4838,219,Oncology
4839,43,Oncology
4840,106,Cardiology
4841,94,Cardiology
4842,310,Internal
4843,117,Neurology
4844,439,Internal
4845,248,Internal
4846,255,Oncology
4847,384,Internal
4848,445,Cardiology
4849,356,Oncology
4850,463,Oncology
4851,250,Oncology
4852,240,Internal
4853,208,Internal
4854,77,Internal
4855,331,Cardiology
4856,183,Oncology
4857,183,Neurology
4858,95,Cardiology
4859,496,Neurology
4860,18,Internal
4861,187,Internal
4862,62,Oncology
4863,293,Neurology
4864,342,Cardiology
4865,137,Oncology
4866,399,Internal
4867,486,Internal
4868,320,Internal
4869,41,Oncology
4870,172,Cardiology
4871,398,Neurology
4872,99,Cardiology
4873,442,Oncology
4874,198,Cardiology
4875,283,Oncology
4876,145,Oncology
4877,355,Oncology
4878,448,Cardiology
4879,294,Internal
4880,417,Internal
4881,89,Internal
4882,53,Cardiology
4883,454,Cardiology
4884,318,Internal
4885,478,Cardiology
4886,226,Internal
4887,478,Neurology
4888,308,Internal
4889,187,Internal
4890,245,Cardiology
4891,134,Cardiology
4892,100,Cardiology
4893,90,Internal
4894,199,Internal
4895,396,Oncology
4896,482,Cardiology
4897,462,Oncology
4898,356,Cardiology
4899,35,Oncology
4900,29,Cardiology
4901,426,Oncology
4902,294,Oncology
4903,185,Neurology
4904,100,Internal
4905,428,Oncology
4906,351,Oncology
4907,298,Cardiology
4908,153,Neurology
4909,359,Neurology
4910,450,Oncology
4911,444,Neurology
4912,84,Internal
4913,170,Internal
4914,404,Cardiology
4915,99,Internal
4916,41,Cardiology
4917,119,Oncology
4918,218,Neurology
4919,139,Oncology
4920,318,Oncology
4921,176,Neurology
4922,244,Internal
4923,494,Internal
4924,150,Internal
4925,235,Oncology
4926,123,Internal
4927,156,Neurology
4928,496,Cardiology
4929,314,Cardiology
4930,193,Internal
4931,154,Neurology
4932,273,Oncology
4933,134,Neurology
4934,472,Internal
4935,346,Internal
4936,84,Internal
4937,296,Internal
4938,263,Neurology
4939,270,Oncology
4940,417,Cardiology
4941,133,Cardiology
4942,309,Oncology
4943,120,Neurology
4944,164,Internal
4945,264,Neurology
4946,427,Cardiology
4947,243,Internal
4948,382,Oncology
4949,461,Oncology
4950,158,Cardiology
4951,6,Cardiology
4952,48,Neurology
4953,246,Oncology
4954,315,Oncology
4955,391,Internal
4956,477,Cardiology
4957,192,Internal
4958,489,Internal
4959,320,Neurology
4960,427,Cardiology
4961,475,Cardiology
4962,218,Neurology
4963,442,Cardiology
4964,296,Neurology
4965,336,Oncology
4966,318,Cardiology
4967,10,Internal
4968,49,Cardiology
4969,36,Neurology
4970,250,Cardiology
4971,13,Oncology
4972,78,Oncology
4973,273,Cardiology
4974,442,Cardiology
4975,466,Cardiology
4976,362,Oncology
4977,281,Cardiology
4978,44,Neurology
4979,327,Oncology
4980,79,Internal
4981,435,Cardiology
4982,335,Oncology
4983,163,Cardiology
4984,436,Neurology
4985,273,Neurology
4986,282,Oncology
4987,58,Cardiology
4988,431,Cardiology
4989,5,Cardiology
4990,170,Cardiology
4991,131,Cardiology
4992,108,Cardiology
4993,251,Cardiology
4994,474,Oncology
4995,316,Oncology
4996,67,Cardiology
4997,23,Internal
4998,152,Oncology
4999,163,Internal
5000,190,Oncology
